[
{
  "model": "admin.logentry",
  "pk": 1,
  "fields": {
    "action_time": "2026-05-01T17:22:20.757Z",
    "user": 1,
    "content_type": 9,
    "object_id": "2",
    "object_repr": "teacher1@test.local (Teacher)",
    "action_flag": 1,
    "change_message": "[{\"added\": {}}]"
  }
},
{
  "model": "admin.logentry",
  "pk": 2,
  "fields": {
    "action_time": "2026-05-01T17:23:37.569Z",
    "user": 1,
    "content_type": 9,
    "object_id": "3",
    "object_repr": "student1@test.local (Student)",
    "action_flag": 1,
    "change_message": "[{\"added\": {}}]"
  }
},
{
  "model": "admin.logentry",
  "pk": 3,
  "fields": {
    "action_time": "2026-05-01T17:24:25.807Z",
    "user": 1,
    "content_type": 9,
    "object_id": "4",
    "object_repr": "parent1@test.local (Parent)",
    "action_flag": 1,
    "change_message": "[{\"added\": {}}]"
  }
},
{
  "model": "admin.logentry",
  "pk": 4,
  "fields": {
    "action_time": "2026-05-01T19:58:06.486Z",
    "user": 1,
    "content_type": 10,
    "object_id": "1",
    "object_repr": "Grammar",
    "action_flag": 1,
    "change_message": "[{\"added\": {}}]"
  }
},
{
  "model": "admin.logentry",
  "pk": 5,
  "fields": {
    "action_time": "2026-05-01T19:58:43.297Z",
    "user": 1,
    "content_type": 11,
    "object_id": "1",
    "object_repr": "course1",
    "action_flag": 1,
    "change_message": "[{\"added\": {}}]"
  }
},
{
  "model": "admin.logentry",
  "pk": 6,
  "fields": {
    "action_time": "2026-05-02T18:52:44.316Z",
    "user": 1,
    "content_type": 11,
    "object_id": "2",
    "object_repr": "Verb Patterns I",
    "action_flag": 1,
    "change_message": "[{\"added\": {}}, {\"added\": {\"name\": \"lesson\", \"object\": \"Verb Patterns I \\u00b7 1. Introduction\"}}]"
  }
},
{
  "model": "admin.logentry",
  "pk": 7,
  "fields": {
    "action_time": "2026-05-02T18:52:59.937Z",
    "user": 1,
    "content_type": 13,
    "object_id": "1",
    "object_repr": "Verb Patterns I · 1. Introduction",
    "action_flag": 2,
    "change_message": "[{\"changed\": {\"fields\": [\"Body markdown\"]}}]"
  }
},
{
  "model": "admin.logentry",
  "pk": 8,
  "fields": {
    "action_time": "2026-05-02T18:54:41.406Z",
    "user": 1,
    "content_type": 14,
    "object_id": "1",
    "object_repr": "PDF · Worksheet",
    "action_flag": 1,
    "change_message": "[{\"added\": {}}]"
  }
},
{
  "model": "admin.logentry",
  "pk": 9,
  "fields": {
    "action_time": "2026-05-02T19:01:00.208Z",
    "user": 1,
    "content_type": 14,
    "object_id": "1",
    "object_repr": "PDF · Worksheet",
    "action_flag": 2,
    "change_message": "[{\"changed\": {\"fields\": [\"File\", \"External url\"]}}]"
  }
},
{
  "model": "admin.logentry",
  "pk": 10,
  "fields": {
    "action_time": "2026-05-02T19:01:43.100Z",
    "user": 1,
    "content_type": 14,
    "object_id": "1",
    "object_repr": "PDF · Worksheet",
    "action_flag": 2,
    "change_message": "[{\"changed\": {\"fields\": [\"Is downloadable\"]}}]"
  }
},
{
  "model": "admin.logentry",
  "pk": 11,
  "fields": {
    "action_time": "2026-05-02T19:07:48.536Z",
    "user": 1,
    "content_type": 14,
    "object_id": "1",
    "object_repr": "PDF · Worksheet",
    "action_flag": 2,
    "change_message": "[{\"changed\": {\"fields\": [\"File\", \"External url\", \"Is downloadable\"]}}]"
  }
},
{
  "model": "admin.logentry",
  "pk": 12,
  "fields": {
    "action_time": "2026-05-02T19:08:44.220Z",
    "user": 1,
    "content_type": 14,
    "object_id": "1",
    "object_repr": "PDF · The Beginner ' s Guide To Arabic",
    "action_flag": 2,
    "change_message": "[{\"changed\": {\"fields\": [\"Title\"]}}]"
  }
},
{
  "model": "admin.logentry",
  "pk": 13,
  "fields": {
    "action_time": "2026-05-02T19:09:28.938Z",
    "user": 1,
    "content_type": 13,
    "object_id": "2",
    "object_repr": "course1 · 1. Spoken Arabic",
    "action_flag": 1,
    "change_message": "[{\"added\": {}}]"
  }
},
{
  "model": "admin.logentry",
  "pk": 14,
  "fields": {
    "action_time": "2026-05-02T19:10:15.727Z",
    "user": 1,
    "content_type": 14,
    "object_id": "2",
    "object_repr": "PDF · Spoken",
    "action_flag": 1,
    "change_message": "[{\"added\": {}}]"
  }
},
{
  "model": "admin.logentry",
  "pk": 15,
  "fields": {
    "action_time": "2026-05-02T20:31:08.144Z",
    "user": 1,
    "content_type": 11,
    "object_id": "1",
    "object_repr": "course1",
    "action_flag": 2,
    "change_message": "[{\"changed\": {\"fields\": [\"Level\"]}}]"
  }
},
{
  "model": "admin.logentry",
  "pk": 16,
  "fields": {
    "action_time": "2026-05-02T20:35:44.477Z",
    "user": 1,
    "content_type": 7,
    "object_id": "1",
    "object_repr": "Student: student1@test.local",
    "action_flag": 2,
    "change_message": "[{\"changed\": {\"fields\": [\"Current level\"]}}]"
  }
},
{
  "model": "admin.logentry",
  "pk": 17,
  "fields": {
    "action_time": "2026-05-02T20:42:05.532Z",
    "user": 1,
    "content_type": 9,
    "object_id": "6",
    "object_repr": "student2@bayt-al-hikma.local (Student)",
    "action_flag": 1,
    "change_message": "[{\"added\": {}}]"
  }
},
{
  "model": "admin.logentry",
  "pk": 18,
  "fields": {
    "action_time": "2026-05-02T20:42:20.451Z",
    "user": 1,
    "content_type": 7,
    "object_id": "3",
    "object_repr": "Student: student2@bayt-al-hikma.local",
    "action_flag": 2,
    "change_message": "[{\"changed\": {\"fields\": [\"Age track\"]}}]"
  }
},
{
  "model": "admin.logentry",
  "pk": 19,
  "fields": {
    "action_time": "2026-05-02T20:43:05.324Z",
    "user": 1,
    "content_type": 7,
    "object_id": "3",
    "object_repr": "Student: student2@bayt-al-hikma.local",
    "action_flag": 2,
    "change_message": "[{\"changed\": {\"fields\": [\"Current level\"]}}]"
  }
},
{
  "model": "admin.logentry",
  "pk": 20,
  "fields": {
    "action_time": "2026-05-02T20:45:09.542Z",
    "user": 1,
    "content_type": 7,
    "object_id": "3",
    "object_repr": "Student: student2@bayt-al-hikma.local",
    "action_flag": 2,
    "change_message": "[{\"changed\": {\"fields\": [\"Parent\"]}}]"
  }
},
{
  "model": "admin.logentry",
  "pk": 21,
  "fields": {
    "action_time": "2026-05-04T18:39:51.898Z",
    "user": 1,
    "content_type": 19,
    "object_id": "4",
    "object_repr": "Lesson 1 — The Arabic alphabet · 4. Write any common Arabic greeting and translate it to English",
    "action_flag": 3,
    "change_message": ""
  }
},
{
  "model": "admin.logentry",
  "pk": 22,
  "fields": {
    "action_time": "2026-05-04T20:56:17.711Z",
    "user": 1,
    "content_type": 11,
    "object_id": "13",
    "object_repr": "Learn Arabic from scratch by Asmae",
    "action_flag": 2,
    "change_message": "[{\"changed\": {\"fields\": [\"Title\", \"Slug\"]}}, {\"changed\": {\"name\": \"lesson\", \"object\": \"Learn Arabic from scratch by Asmae \\u00b7 1. The Speaking Course for Absolute Beginners\", \"fields\": [\"Title\", \"Slug\"]}}, {\"changed\": {\"name\": \"lesson\", \"object\": \"Learn Arabic from scratch by Asmae \\u00b7 2. lesson2\", \"fields\": [\"Title\"]}}]"
  }
},
{
  "model": "admin.logentry",
  "pk": 23,
  "fields": {
    "action_time": "2026-05-04T21:33:20.200Z",
    "user": 1,
    "content_type": 11,
    "object_id": "13",
    "object_repr": "Learn Arabic from scratch  The Speaking Course for Absolute Beginners",
    "action_flag": 2,
    "change_message": "[{\"changed\": {\"fields\": [\"Title\", \"Description\"]}}, {\"changed\": {\"name\": \"lesson\", \"object\": \"Learn Arabic from scratch  The Speaking Course for Absolute Beginners \\u00b7 1. Learn Arabic from scratch : Lesson 1 - The Speaking Course for Absolute Beginners\", \"fields\": [\"Title\", \"Slug\"]}}, {\"changed\": {\"name\": \"lesson\", \"object\": \"Learn Arabic from scratch  The Speaking Course for Absolute Beginners \\u00b7 2. Learn Arabic from scratch : Lesson 2 - The Speaking Course for Absolute Beginners\", \"fields\": [\"Title\"]}}, {\"changed\": {\"name\": \"lesson\", \"object\": \"Learn Arabic from scratch  The Speaking Course for Absolute Beginners \\u00b7 3. Learn Arabic from scratch : Lesson 3 - The Speaking Course for Absolute Beginners\", \"fields\": [\"Title\"]}}, {\"changed\": {\"name\": \"lesson\", \"object\": \"Learn Arabic from scratch  The Speaking Course for Absolute Beginners \\u00b7 4. Learn Arabic from scratch : Lesson 4 - The Speaking Course for Absolute Beginners\", \"fields\": [\"Title\"]}}, {\"changed\": {\"name\": \"lesson\", \"object\": \"Learn Arabic from scratch  The Speaking Course for Absolute Beginners \\u00b7 5. Learn Arabic from scratch : Lesson 5 - The Speaking Course for Absolute Beginners\", \"fields\": [\"Title\"]}}, {\"changed\": {\"name\": \"lesson\", \"object\": \"Learn Arabic from scratch  The Speaking Course for Absolute Beginners \\u00b7 6. Learn Arabic from scratch : Lesson 6 - The Speaking Course for Absolute Beginners\", \"fields\": [\"Title\"]}}, {\"changed\": {\"name\": \"lesson\", \"object\": \"Learn Arabic from scratch  The Speaking Course for Absolute Beginners \\u00b7 7. Learn Arabic from scratch : Lesson 8 - The Speaking Course for Absolute Beginners\", \"fields\": [\"Title\"]}}]"
  }
},
{
  "model": "admin.logentry",
  "pk": 24,
  "fields": {
    "action_time": "2026-05-04T21:37:25.245Z",
    "user": 1,
    "content_type": 13,
    "object_id": "40",
    "object_repr": "Learn Arabic from scratch  The Speaking Course for Absolute Beginners · 1. Learn Arabic from scratch : Lesson 1 - The Speaking Course for Absolute Beginners",
    "action_flag": 2,
    "change_message": "[{\"changed\": {\"fields\": [\"Primary video url\"]}}]"
  }
},
{
  "model": "admin.logentry",
  "pk": 25,
  "fields": {
    "action_time": "2026-05-04T21:37:47.131Z",
    "user": 1,
    "content_type": 13,
    "object_id": "41",
    "object_repr": "Learn Arabic from scratch  The Speaking Course for Absolute Beginners · 2. Learn Arabic from scratch : Lesson 2 - The Speaking Course for Absolute Beginners",
    "action_flag": 2,
    "change_message": "[{\"changed\": {\"fields\": [\"Primary video url\"]}}]"
  }
},
{
  "model": "admin.logentry",
  "pk": 26,
  "fields": {
    "action_time": "2026-05-05T15:16:59.339Z",
    "user": 1,
    "content_type": 7,
    "object_id": "3",
    "object_repr": "Student: student2@bayt-al-hikma.local",
    "action_flag": 2,
    "change_message": "[{\"changed\": {\"fields\": [\"Current level\"]}}]"
  }
},
{
  "model": "admin.logentry",
  "pk": 27,
  "fields": {
    "action_time": "2026-05-12T16:23:39.420Z",
    "user": 1,
    "content_type": 7,
    "object_id": "1",
    "object_repr": "Student: student1@test.local",
    "action_flag": 2,
    "change_message": "[{\"changed\": {\"fields\": [\"Age track\"]}}]"
  }
},
{
  "model": "sessions.session",
  "pk": "15i2m4dj6teyk67f797445pvwjqpv0oe",
  "fields": {
    "session_data": "e30:1wMpc3:T0I6n8QJrXTBVYGWG1u9TsIlPGmwczLEH-1QoStyL3k",
    "expire_date": "2026-05-26T16:05:39.455Z"
  }
},
{
  "model": "sessions.session",
  "pk": "3903jjygizrdx3qm8p397x8dzhibuqk3",
  "fields": {
    "session_data": "e30:1wMpcH:NRfMqmp0I2V2SeKe3NS1NbvLabQ5vLd6Bqg2aT4D3xw",
    "expire_date": "2026-05-26T16:05:53.663Z"
  }
},
{
  "model": "sessions.session",
  "pk": "3cwq9v197hyu7rpwuqh999f0ez3h4vra",
  "fields": {
    "session_data": "e30:1wMpde:VxdQ-XPQqYoieBlJtU5iYjYU9utWOm-KYomx4fO-D3w",
    "expire_date": "2026-05-26T16:07:18.029Z"
  }
},
{
  "model": "sessions.session",
  "pk": "3ljotd1vxbjyc5rpjzk5o3wssoe6z9n3",
  "fields": {
    "session_data": "e30:1wMpbZ:1_WdngiGL1YUEOftv3-MILYzMh_tL74iYmXeLpQXhVs",
    "expire_date": "2026-05-26T16:05:09.624Z"
  }
},
{
  "model": "sessions.session",
  "pk": "7awdlukte8rj1ah1h5fb8k31j5fnnu09",
  "fields": {
    "session_data": ".eJxVjDsOwjAQBe_iGllZe22vKek5g7X-4QBKpDipEHeHSCmgfTPzXiLwtraw9bKEMYuz0OL0u0VOjzLtIN95us0yzdO6jFHuijxol9c5l-flcP8OGvf2rQmyMdnXmrQCReCdQ8_RsKqAFTSSRdDKVnYMlhMxKu3IDwYTEg3i_QHB2jaN:1wMpti:UoiX7b84ASOpY4r9zm4OIHmimPQNMOUWuUvQkJHnobs",
    "expire_date": "2026-05-26T16:23:54.275Z"
  }
},
{
  "model": "sessions.session",
  "pk": "82fpclc15j0uvt63oa98hf59ehl0mwh2",
  "fields": {
    "session_data": ".eJxVjLEOwyAQQ_-FuUJwEUTXsXu_Ad3BUdJWQQrJFPXfS6QM7WTLz_auAm1rCVuTJUxJXZVXl9-MKb5kPkB60vyoOtZ5XSbWR0WftOl7TfK-nd2_g0Kt9DVbHNEYbwGM4Mhm8I4zRO-ABTwhUBwI0JGYDGjFIKTcpftIwOrzBb-3N1c:1wLOkV:cIsYVMVK_C2CyDSSWPUXTpqM_BzueyFbVxJuuxuSveY",
    "expire_date": "2026-05-22T17:12:27.289Z"
  }
},
{
  "model": "sessions.session",
  "pk": "9n4gp0u8xro7luwbfgmy20v2nijg7ihg",
  "fields": {
    "session_data": ".eJxVjLEOwyAQQ_-FuUJwEUTXsXu_Ad3BUdJWQQrJFPXfS6QM7WTLz_auAm1rCVuTJUxJXZVXl9-MKb5kPkB60vyoOtZ5XSbWR0WftOl7TfK-nd2_g0Kt9DVbHNEYbwGM4Mhm8I4zRO-ABTwhUBwI0JGYDGjFIKTcpftIwOrzBb-3N1c:1wKfR8:TPltHw5phBlQorP5Ihg6nSb13vCyI-AV10IW-XjJLRU",
    "expire_date": "2026-05-20T16:49:26.684Z"
  }
},
{
  "model": "sessions.session",
  "pk": "au13nwq46supr9d277bdrq9yj8dxr1cf",
  "fields": {
    "session_data": ".eJxVjLEOwyAQQ_-FuUJwEUTXsXu_Ad3BUdJWQQrJFPXfS6QM7WTLz_auAm1rCVuTJUxJXZVXl9-MKb5kPkB60vyoOtZ5XSbWR0WftOl7TfK-nd2_g0Kt9DVbHNEYbwGM4Mhm8I4zRO-ABTwhUBwI0JGYDGjFIKTcpftIwOrzBb-3N1c:1wKHce:UPqWt9oXThqyWeZYQHKPtWUbqufvRlW90WXM9f8S8R0",
    "expire_date": "2026-05-19T15:23:44.230Z"
  }
},
{
  "model": "sessions.session",
  "pk": "c4zjufvpp02qbos379r3cck2hi8tsgx9",
  "fields": {
    "session_data": ".eJxVjLEOwyAQQ_-FuUJwEUTXsXu_Ad3BUdJWQQrJFPXfS6QM7WTLz_auAm1rCVuTJUxJXZVXl9-MKb5kPkB60vyoOtZ5XSbWR0WftOl7TfK-nd2_g0Kt9DVbHNEYbwGM4Mhm8I4zRO-ABTwhUBwI0JGYDGjFIKTcpftIwOrzBb-3N1c:1wKxg1:VcFuPbD6S8RQLFRR6hcBbzdKO7sXuYaCHPJ5Em6vu1E",
    "expire_date": "2026-05-21T12:18:01.633Z"
  }
},
{
  "model": "sessions.session",
  "pk": "jhaykvfwbx40en1e2qnxpllpahd6zq6w",
  "fields": {
    "session_data": "e30:1wMpe9:fK7A7FvoVLxQvSZ8_EAcQ3XkcVUddiVy2J0mAJvQPXY",
    "expire_date": "2026-05-26T16:07:49.966Z"
  }
},
{
  "model": "sessions.session",
  "pk": "m8n28pwsrmo1ukcjki4b2yx4h6xa1uhj",
  "fields": {
    "session_data": "e30:1wMpbe:2sgwRpqFBKkhIIDwA4IMNXdA-UKaX9T7VbT6CCYHheo",
    "expire_date": "2026-05-26T16:05:14.002Z"
  }
},
{
  "model": "sessions.session",
  "pk": "sp5a0z7ponj1swyq9y6r7idqzs76692u",
  "fields": {
    "session_data": ".eJxVjDsOwjAQBe_iGllZe22vKek5g7X-4QBKpDipEHeHSCmgfTPzXiLwtraw9bKEMYuz0OL0u0VOjzLtIN95us0yzdO6jFHuijxol9c5l-flcP8OGvf2rQmyMdnXmrQCReCdQ8_RsKqAFTSSRdDKVnYMlhMxKu3IDwYTEg3i_QHB2jaN:1wUU6c:mOZ4k5Yr5Gbbcn3V0Ji7pRUg6285-OHLyV9w2DWppxY",
    "expire_date": "2026-06-16T18:44:50.762Z"
  }
},
{
  "model": "sessions.session",
  "pk": "yh8hjv2ec2unzu1g60waqsmgctosnolm",
  "fields": {
    "session_data": ".eJxVjDsOwjAQBe_iGllZe22vKek5g7X-4QBKpDipEHeHSCmgfTPzXiLwtraw9bKEMYuz0OL0u0VOjzLtIN95us0yzdO6jFHuijxol9c5l-flcP8OGvf2rQmyMdnXmrQCReCdQ8_RsKqAFTSSRdDKVnYMlhMxKu3IDwYTEg3i_QHB2jaN:1wLtSM:m6GmgE0WU7V78jazBMVCTIVWWKisYz-YUg14dwuhHtQ",
    "expire_date": "2026-05-24T01:59:46.113Z"
  }
},
{
  "model": "sessions.session",
  "pk": "zsb3tlfqy8b4uy0g6ordt4wn3l4apj4h",
  "fields": {
    "session_data": ".eJxVjEEOwiAQRe_C2hAGO1Jcuu8ZCDAzUjU0Ke3KeHfbpAvdvvf-f6sQ16WEtfEcRlJXZdXpl6WYn1x3QY9Y75POU13mMek90YdtepiIX7ej_TsosZVtLcjgkZ33JidPuYuRkL1N0l-QElhiAdjIGVwH1jkx6I1YQ9KLoFGfL_hdOBY:1wNDTZ:ldKdMzrusKwb1NUIzqSrPeNEmfaYXqu2BRdgOYLMHhs",
    "expire_date": "2026-05-27T17:34:29.346Z"
  }
},
{
  "model": "accounts.user",
  "pk": 1,
  "fields": {
    "password": "pbkdf2_sha256$1200000$M8zZWdrhYEp6yPteMiDPrJ$SE0HjrAybz8/B5YPHkF+oBeupjRerxXEc7IErab/BgI=",
    "last_login": "2026-05-13T17:34:05.314Z",
    "is_superuser": true,
    "first_name": "",
    "last_name": "",
    "is_staff": true,
    "is_active": true,
    "date_joined": "2026-05-01T17:20:28.699Z",
    "email": "fatema@test.local",
    "role": "admin",
    "groups": [],
    "user_permissions": []
  }
},
{
  "model": "accounts.user",
  "pk": 2,
  "fields": {
    "password": "pbkdf2_sha256$1200000$pXPLzkysxo1ad1NsD8K0dU$8IY1YU6F3GnTy/UUUjiVE4nLH4dcKeLD3eue5A/7tN0=",
    "last_login": "2026-05-25T23:31:37.968Z",
    "is_superuser": false,
    "first_name": "Mhamad",
    "last_name": "Chamseddin",
    "is_staff": false,
    "is_active": true,
    "date_joined": "2026-05-01T17:22:19.860Z",
    "email": "teacher1@test.local",
    "role": "teacher",
    "groups": [],
    "user_permissions": []
  }
},
{
  "model": "accounts.user",
  "pk": 3,
  "fields": {
    "password": "pbkdf2_sha256$1200000$A34T9aTS10CdPCiNkWGt3I$mUh8HThy0aZEsupgLEe7q2T0S/0xjEZ+c6pgCI8XdfY=",
    "last_login": "2026-06-02T18:44:50.728Z",
    "is_superuser": false,
    "first_name": "maryam",
    "last_name": "Chamseddin",
    "is_staff": false,
    "is_active": true,
    "date_joined": "2026-05-01T17:23:36.748Z",
    "email": "student1@test.local",
    "role": "student",
    "groups": [],
    "user_permissions": []
  }
},
{
  "model": "accounts.user",
  "pk": 4,
  "fields": {
    "password": "pbkdf2_sha256$1200000$oLcmkdI4qw1Ssf3lfLtBiS$RMQzC9WpAxrBSHqRLYzwVV+tDy/0+WojOfZx85czzh4=",
    "last_login": "2026-05-02T20:47:39.456Z",
    "is_superuser": false,
    "first_name": "",
    "last_name": "",
    "is_staff": false,
    "is_active": true,
    "date_joined": "2026-05-01T17:24:24.967Z",
    "email": "parent1@test.local",
    "role": "parent",
    "groups": [],
    "user_permissions": []
  }
},
{
  "model": "accounts.user",
  "pk": 5,
  "fields": {
    "password": "pbkdf2_sha256$1200000$jvxY3veTbH4Z1Zrysxunmz$/UV/XRDFTPq76jitLCepro3FK5zz9EgDGZzGcyNPox8=",
    "last_login": "2026-05-02T20:03:48.220Z",
    "is_superuser": false,
    "first_name": "Fatema",
    "last_name": "Alhosein",
    "is_staff": false,
    "is_active": true,
    "date_joined": "2026-05-02T19:26:53.434Z",
    "email": "fatema.alhosein@gmail.com",
    "role": "student",
    "groups": [],
    "user_permissions": []
  }
},
{
  "model": "accounts.user",
  "pk": 6,
  "fields": {
    "password": "pbkdf2_sha256$1200000$oShz7EDgUZCgDpTiznxFVo$5/YWU7n92ioO5UsIQ8ph3lSVsGPv8It83b7BHV9BJR0=",
    "last_login": "2026-05-08T17:12:27.266Z",
    "is_superuser": false,
    "first_name": "",
    "last_name": "",
    "is_staff": false,
    "is_active": true,
    "date_joined": "2026-05-02T20:42:04.702Z",
    "email": "student2@bayt-al-hikma.local",
    "role": "student",
    "groups": [],
    "user_permissions": []
  }
},
{
  "model": "accounts.teacherprofile",
  "pk": 1,
  "fields": {
    "user": 2,
    "bio": "",
    "specialization": "Arabic Teacher",
    "years_of_experience": 5,
    "avatar": "avatars/teachers/IMG_0263.jpeg",
    "is_approved": false,
    "created_at": "2026-05-01T17:22:20.755Z",
    "updated_at": "2026-05-14T20:57:05.186Z"
  }
},
{
  "model": "accounts.parentprofile",
  "pk": 1,
  "fields": {
    "user": 4,
    "phone": "",
    "avatar": "",
    "created_at": "2026-05-01T17:24:25.807Z",
    "updated_at": "2026-05-01T17:24:25.807Z"
  }
},
{
  "model": "accounts.studentprofile",
  "pk": 1,
  "fields": {
    "user": 3,
    "date_of_birth": "2016-04-28",
    "age_track": "kids",
    "native_language": "",
    "avatar": "",
    "parent": null,
    "current_level": 3,
    "created_at": "2026-05-01T17:23:37.567Z",
    "updated_at": "2026-05-21T01:39:43.283Z"
  }
},
{
  "model": "accounts.studentprofile",
  "pk": 2,
  "fields": {
    "user": 5,
    "date_of_birth": null,
    "age_track": "adult",
    "native_language": "",
    "avatar": "",
    "parent": null,
    "current_level": null,
    "created_at": "2026-05-02T19:26:54.330Z",
    "updated_at": "2026-05-02T19:26:54.330Z"
  }
},
{
  "model": "accounts.studentprofile",
  "pk": 3,
  "fields": {
    "user": 6,
    "date_of_birth": null,
    "age_track": "kids",
    "native_language": "",
    "avatar": "",
    "parent": 1,
    "current_level": 4,
    "created_at": "2026-05-02T20:42:05.531Z",
    "updated_at": "2026-05-05T15:16:59.334Z"
  }
},
{
  "model": "curriculum.level",
  "pk": 1,
  "fields": {
    "code": "A1",
    "name": "Beginner 1",
    "order": 1,
    "description": "First contact with Arabic. Letters, sounds, greetings, numbers."
  }
},
{
  "model": "curriculum.level",
  "pk": 2,
  "fields": {
    "code": "A2",
    "name": "Beginner 2",
    "order": 2,
    "description": "Familiar daily expressions and basic phrases."
  }
},
{
  "model": "curriculum.level",
  "pk": 3,
  "fields": {
    "code": "B1",
    "name": "Intermediate 1",
    "order": 3,
    "description": "Can deal with most situations encountered while travelling in an Arabic-speaking area."
  }
},
{
  "model": "curriculum.level",
  "pk": 4,
  "fields": {
    "code": "B2",
    "name": "Intermediate 2",
    "order": 4,
    "description": "Can interact with a degree of fluency and spontaneity. Reads articles and reports."
  }
},
{
  "model": "curriculum.level",
  "pk": 5,
  "fields": {
    "code": "C1",
    "name": "Advanced 1",
    "order": 5,
    "description": "Can express ideas fluently. Uses language flexibly for social, academic and professional purposes."
  }
},
{
  "model": "curriculum.level",
  "pk": 6,
  "fields": {
    "code": "C2",
    "name": "Advanced 2",
    "order": 6,
    "description": "Near-native command. Can summarise complex spoken or written sources."
  }
},
{
  "model": "curriculum.category",
  "pk": 8,
  "fields": {
    "slug": "grammar",
    "name": "Grammar",
    "description": "Sentence structure, verb forms, particles.",
    "icon": "book",
    "is_active": true,
    "created_at": "2026-05-04T16:12:32Z"
  }
},
{
  "model": "curriculum.category",
  "pk": 9,
  "fields": {
    "slug": "vocabulary",
    "name": "Vocabulary",
    "description": "Build your word bank step by step.",
    "icon": "chat-text",
    "is_active": true,
    "created_at": "2026-05-04T16:12:32Z"
  }
},
{
  "model": "curriculum.category",
  "pk": 10,
  "fields": {
    "slug": "reading",
    "name": "Reading",
    "description": "Comprehension and authentic texts.",
    "icon": "book-half",
    "is_active": true,
    "created_at": "2026-05-04T16:12:32Z"
  }
},
{
  "model": "curriculum.category",
  "pk": 11,
  "fields": {
    "slug": "listening",
    "name": "Listening",
    "description": "Audio comprehension and dictation.",
    "icon": "headphones",
    "is_active": true,
    "created_at": "2026-05-04T16:12:32Z"
  }
},
{
  "model": "curriculum.category",
  "pk": 12,
  "fields": {
    "slug": "writing",
    "name": "Writing",
    "description": "Producing written Arabic.",
    "icon": "pencil",
    "is_active": true,
    "created_at": "2026-05-04T16:12:32Z"
  }
},
{
  "model": "curriculum.category",
  "pk": 13,
  "fields": {
    "slug": "conversation",
    "name": "Conversation",
    "description": "Speaking practice and dialogue.",
    "icon": "chat-dots",
    "is_active": true,
    "created_at": "2026-05-04T16:12:32Z"
  }
},
{
  "model": "curriculum.course",
  "pk": 3,
  "fields": {
    "title": "Arabic Alphabet & Sounds",
    "slug": "arabic-alphabet-sounds",
    "description": "Master all 28 Arabic letters and their sounds. Letters in isolation, in words, and the rules that change their shape.",
    "level": 1,
    "category": 8,
    "track": "all",
    "teacher": 2,
    "thumbnail": "",
    "is_published": true,
    "created_at": "2026-05-04T16:12:32Z",
    "updated_at": "2026-05-04T16:12:32Z"
  }
},
{
  "model": "curriculum.course",
  "pk": 4,
  "fields": {
    "title": "First 100 Arabic Words",
    "slug": "first-100-arabic-words",
    "description": "The most useful 100 words in everyday Arabic. Pictures, audio, and a memory game in every lesson.",
    "level": 1,
    "category": 9,
    "track": "all",
    "teacher": 2,
    "thumbnail": "",
    "is_published": true,
    "created_at": "2026-05-04T16:12:32Z",
    "updated_at": "2026-05-04T16:12:32Z"
  }
},
{
  "model": "curriculum.course",
  "pk": 5,
  "fields": {
    "title": "Greetings & Introductions",
    "slug": "greetings-introductions",
    "description": "How to say hello, ask someone's name, and exchange basic information in Arabic.",
    "level": 1,
    "category": 13,
    "track": "all",
    "teacher": 2,
    "thumbnail": "",
    "is_published": true,
    "created_at": "2026-05-04T16:12:32Z",
    "updated_at": "2026-05-04T16:12:32Z"
  }
},
{
  "model": "curriculum.course",
  "pk": 6,
  "fields": {
    "title": "Reading Simple Texts",
    "slug": "reading-simple-texts",
    "description": "Three short Arabic readings with vocabulary and comprehension questions.",
    "level": 2,
    "category": 10,
    "track": "all",
    "teacher": 2,
    "thumbnail": "",
    "is_published": true,
    "created_at": "2026-05-04T16:12:32Z",
    "updated_at": "2026-05-04T16:12:32Z"
  }
},
{
  "model": "curriculum.course",
  "pk": 7,
  "fields": {
    "title": "Numbers & Time",
    "slug": "numbers-and-time",
    "description": "From counting to telling time and giving dates in Arabic.",
    "level": 2,
    "category": 9,
    "track": "all",
    "teacher": 2,
    "thumbnail": "",
    "is_published": true,
    "created_at": "2026-05-04T16:12:32Z",
    "updated_at": "2026-05-04T16:12:32Z"
  }
},
{
  "model": "curriculum.course",
  "pk": 8,
  "fields": {
    "title": "Arabic for Kids: Animals & Colors",
    "slug": "kids-animals-colors",
    "description": "Bright pictures, songs, and games. Learn 30 animals and 10 colors in Arabic.",
    "level": 2,
    "category": 9,
    "track": "kids",
    "teacher": 2,
    "thumbnail": "",
    "is_published": true,
    "created_at": "2026-05-04T16:12:32Z",
    "updated_at": "2026-05-04T16:12:32Z"
  }
},
{
  "model": "curriculum.course",
  "pk": 9,
  "fields": {
    "title": "Listening: News & Stories",
    "slug": "listening-news-stories",
    "description": "Train your ear with short news clips and recorded stories. Slow versions and full-speed versions.",
    "level": 3,
    "category": 11,
    "track": "all",
    "teacher": 2,
    "thumbnail": "",
    "is_published": true,
    "created_at": "2026-05-04T16:12:32Z",
    "updated_at": "2026-05-04T16:12:32Z"
  }
},
{
  "model": "curriculum.course",
  "pk": 10,
  "fields": {
    "title": "Teens: Daily Life Conversations",
    "slug": "teens-daily-conversations",
    "description": "Real-life dialogues for teens: school, friends, social media, family discussions.",
    "level": 3,
    "category": 13,
    "track": "teen",
    "teacher": 2,
    "thumbnail": "",
    "is_published": true,
    "created_at": "2026-05-04T16:12:32Z",
    "updated_at": "2026-05-04T16:12:32Z"
  }
},
{
  "model": "curriculum.course",
  "pk": 11,
  "fields": {
    "title": "Advanced Grammar: Conditionals",
    "slug": "advanced-conditionals",
    "description": "إذا، لو، إن — the three conditionals in Arabic, what makes them different, and when to use each.",
    "level": 4,
    "category": 8,
    "track": "adult",
    "teacher": 2,
    "thumbnail": "",
    "is_published": true,
    "created_at": "2026-05-04T16:12:32Z",
    "updated_at": "2026-05-04T16:12:32Z"
  }
},
{
  "model": "curriculum.course",
  "pk": 12,
  "fields": {
    "title": "Pronunciation Workshop",
    "slug": "pronunciation-workshop",
    "description": "A no-prerequisite course on the trickiest Arabic sounds for non-native speakers: ع، غ، خ، ح، ق، ض.",
    "level": null,
    "category": 11,
    "track": "all",
    "teacher": 2,
    "thumbnail": "",
    "is_published": true,
    "created_at": "2026-05-04T16:12:32Z",
    "updated_at": "2026-05-04T16:12:32Z"
  }
},
{
  "model": "curriculum.course",
  "pk": 13,
  "fields": {
    "title": "Learn Arabic from scratch  The Speaking Course for Absolute Beginners",
    "slug": "Learn-Arabic-from-scratch",
    "description": "A 7-video \r\nLearn Arabic from scratch, The Speaking Course for Absolute Beginners. Watch each video, mark the lesson complete when you're ready to move on. (Rename the course and lesson titles in /admin/ to match the actual playlist content.)",
    "level": 1,
    "category": 13,
    "track": "all",
    "teacher": 2,
    "thumbnail": "",
    "is_published": true,
    "created_at": "2026-05-04T16:22:14Z",
    "updated_at": "2026-05-04T21:33:20.189Z"
  }
},
{
  "model": "curriculum.course",
  "pk": 14,
  "fields": {
    "title": "Arabic for Kids — My First Steps",
    "slug": "kids-first-steps-a1",
    "description": "A complete sixteen-lesson introduction to Arabic for young learners. Starts with the alphabet, teaches the rules that turn letters into sounds (positions, harakat, sun and moon letters), then moves into everyday vocabulary.\n\nBy the end your child can READ Arabic — not just recognise letters — and can greet, introduce themselves, count to ten, and name colors, family, animals, and the days of the week. Built for ages 6–12. Each lesson runs 8–13 minutes.",
    "level": 1,
    "category": 9,
    "track": "kids",
    "teacher": 2,
    "thumbnail": "",
    "is_published": true,
    "created_at": "2026-05-12T12:00:03Z",
    "updated_at": "2026-05-12T12:00:03Z"
  }
},
{
  "model": "curriculum.course",
  "pk": 20,
  "fields": {
    "title": "Daily Life Skills for Kids",
    "slug": "daily-life-skills-for-kids",
    "description": "Help children learn independence, responsibility, and daily habits.",
    "level": 1,
    "category": 13,
    "track": "kids",
    "teacher": 2,
    "thumbnail": "course_thumbnails/life_skills.jpeg",
    "is_published": true,
    "created_at": "2026-05-14T19:04:24.360Z",
    "updated_at": "2026-05-14T19:04:24.360Z"
  }
},
{
  "model": "curriculum.lesson",
  "pk": 3,
  "fields": {
    "course": 3,
    "order": 1,
    "title": "Welcome & how this course works",
    "slug": "welcome-overview",
    "body_markdown": "Welcome to Arabic Alphabet & Sounds. Six chapters, twenty-eight letters, all the trickiest sounds.",
    "primary_video_url": "",
    "video_file": "",
    "duration_minutes": 5,
    "is_free_preview": true,
    "created_at": "2026-05-04T16:12:32Z",
    "updated_at": "2026-05-04T16:12:32Z"
  }
},
{
  "model": "curriculum.lesson",
  "pk": 4,
  "fields": {
    "course": 3,
    "order": 2,
    "title": "The first six letters: ا ب ت ث ج ح",
    "slug": "first-six-letters",
    "body_markdown": "These six letters are the foundation. Pay attention to dot placement.",
    "primary_video_url": "",
    "video_file": "",
    "duration_minutes": 12,
    "is_free_preview": false,
    "created_at": "2026-05-04T16:12:32Z",
    "updated_at": "2026-05-04T16:12:32Z"
  }
},
{
  "model": "curriculum.lesson",
  "pk": 5,
  "fields": {
    "course": 3,
    "order": 3,
    "title": "Letters that connect & letters that don't",
    "slug": "connecting-letters",
    "body_markdown": "Six letters in Arabic only connect from the right, never to the left: ا د ذ ر ز و.",
    "primary_video_url": "",
    "video_file": "",
    "duration_minutes": 10,
    "is_free_preview": false,
    "created_at": "2026-05-04T16:12:32Z",
    "updated_at": "2026-05-04T16:12:32Z"
  }
},
{
  "model": "curriculum.lesson",
  "pk": 6,
  "fields": {
    "course": 3,
    "order": 4,
    "title": "Short vowels (harakat)",
    "slug": "short-vowels",
    "body_markdown": "Fatha, Kasra, Damma — three little marks that change everything.",
    "primary_video_url": "",
    "video_file": "",
    "duration_minutes": 8,
    "is_free_preview": false,
    "created_at": "2026-05-04T16:12:32Z",
    "updated_at": "2026-05-04T16:12:32Z"
  }
},
{
  "model": "curriculum.lesson",
  "pk": 7,
  "fields": {
    "course": 4,
    "order": 1,
    "title": "People & family (15 words)",
    "slug": "people-family",
    "body_markdown": "أب (father), أم (mother), أخ (brother), أخت (sister)…",
    "primary_video_url": "",
    "video_file": "",
    "duration_minutes": 10,
    "is_free_preview": true,
    "created_at": "2026-05-04T16:12:32Z",
    "updated_at": "2026-05-04T16:12:32Z"
  }
},
{
  "model": "curriculum.lesson",
  "pk": 8,
  "fields": {
    "course": 4,
    "order": 2,
    "title": "House & home (20 words)",
    "slug": "house-home",
    "body_markdown": "بيت (house), باب (door), غرفة (room), مطبخ (kitchen)…",
    "primary_video_url": "",
    "video_file": "",
    "duration_minutes": 12,
    "is_free_preview": false,
    "created_at": "2026-05-04T16:12:32Z",
    "updated_at": "2026-05-04T16:12:32Z"
  }
},
{
  "model": "curriculum.lesson",
  "pk": 9,
  "fields": {
    "course": 4,
    "order": 3,
    "title": "Food & drink (25 words)",
    "slug": "food-drink",
    "body_markdown": "خبز (bread), ماء (water), شاي (tea), قهوة (coffee)…",
    "primary_video_url": "",
    "video_file": "",
    "duration_minutes": 14,
    "is_free_preview": false,
    "created_at": "2026-05-04T16:12:32Z",
    "updated_at": "2026-05-04T16:12:32Z"
  }
},
{
  "model": "curriculum.lesson",
  "pk": 10,
  "fields": {
    "course": 4,
    "order": 4,
    "title": "Numbers 1–20",
    "slug": "numbers-1-20",
    "body_markdown": "واحد، اثنان، ثلاثة، أربعة، خمسة…",
    "primary_video_url": "",
    "video_file": "",
    "duration_minutes": 10,
    "is_free_preview": false,
    "created_at": "2026-05-04T16:12:32Z",
    "updated_at": "2026-05-04T16:12:32Z"
  }
},
{
  "model": "curriculum.lesson",
  "pk": 11,
  "fields": {
    "course": 4,
    "order": 5,
    "title": "Days of the week & months",
    "slug": "days-and-months",
    "body_markdown": "الأحد، الاثنين، الثلاثاء…",
    "primary_video_url": "",
    "video_file": "",
    "duration_minutes": 8,
    "is_free_preview": false,
    "created_at": "2026-05-04T16:12:32Z",
    "updated_at": "2026-05-04T16:12:32Z"
  }
},
{
  "model": "curriculum.lesson",
  "pk": 12,
  "fields": {
    "course": 5,
    "order": 1,
    "title": "Saying hello",
    "slug": "saying-hello",
    "body_markdown": "مرحبا (Hello), السلام عليكم (Peace be upon you), أهلا (Welcome)…",
    "primary_video_url": "",
    "video_file": "",
    "duration_minutes": 7,
    "is_free_preview": true,
    "created_at": "2026-05-04T16:12:32Z",
    "updated_at": "2026-05-04T16:12:32Z"
  }
},
{
  "model": "curriculum.lesson",
  "pk": 13,
  "fields": {
    "course": 5,
    "order": 2,
    "title": "\"What's your name?\"",
    "slug": "whats-your-name",
    "body_markdown": "ما اسمك؟ — اسمي [your name]",
    "primary_video_url": "",
    "video_file": "",
    "duration_minutes": 6,
    "is_free_preview": false,
    "created_at": "2026-05-04T16:12:32Z",
    "updated_at": "2026-05-04T16:12:32Z"
  }
},
{
  "model": "curriculum.lesson",
  "pk": 14,
  "fields": {
    "course": 5,
    "order": 3,
    "title": "\"Where are you from?\"",
    "slug": "where-are-you-from",
    "body_markdown": "من أين أنت؟ — أنا من [country]",
    "primary_video_url": "",
    "video_file": "",
    "duration_minutes": 8,
    "is_free_preview": false,
    "created_at": "2026-05-04T16:12:32Z",
    "updated_at": "2026-05-04T16:12:32Z"
  }
},
{
  "model": "curriculum.lesson",
  "pk": 15,
  "fields": {
    "course": 5,
    "order": 4,
    "title": "Saying goodbye",
    "slug": "saying-goodbye",
    "body_markdown": "مع السلامة (Goodbye), إلى اللقاء (See you later)",
    "primary_video_url": "",
    "video_file": "",
    "duration_minutes": 5,
    "is_free_preview": false,
    "created_at": "2026-05-04T16:12:32Z",
    "updated_at": "2026-05-04T16:12:32Z"
  }
},
{
  "model": "curriculum.lesson",
  "pk": 16,
  "fields": {
    "course": 6,
    "order": 1,
    "title": "My day",
    "slug": "my-day",
    "body_markdown": "في الصباح، أستيقظ في الساعة السابعة…",
    "primary_video_url": "",
    "video_file": "",
    "duration_minutes": 12,
    "is_free_preview": true,
    "created_at": "2026-05-04T16:12:32Z",
    "updated_at": "2026-05-04T16:12:32Z"
  }
},
{
  "model": "curriculum.lesson",
  "pk": 17,
  "fields": {
    "course": 6,
    "order": 2,
    "title": "At the market",
    "slug": "at-the-market",
    "body_markdown": "ذهبت إلى السوق لشراء الفاكهة والخضار…",
    "primary_video_url": "",
    "video_file": "",
    "duration_minutes": 14,
    "is_free_preview": false,
    "created_at": "2026-05-04T16:12:32Z",
    "updated_at": "2026-05-04T16:12:32Z"
  }
},
{
  "model": "curriculum.lesson",
  "pk": 18,
  "fields": {
    "course": 6,
    "order": 3,
    "title": "A letter from my friend",
    "slug": "letter-from-friend",
    "body_markdown": "عزيزي أحمد، كيف حالك؟ أنا بخير…",
    "primary_video_url": "",
    "video_file": "",
    "duration_minutes": 13,
    "is_free_preview": false,
    "created_at": "2026-05-04T16:12:32Z",
    "updated_at": "2026-05-04T16:12:32Z"
  }
},
{
  "model": "curriculum.lesson",
  "pk": 19,
  "fields": {
    "course": 7,
    "order": 1,
    "title": "Numbers 21–100",
    "slug": "numbers-21-100",
    "body_markdown": "واحد وعشرون، اثنان وعشرون…",
    "primary_video_url": "",
    "video_file": "",
    "duration_minutes": 10,
    "is_free_preview": true,
    "created_at": "2026-05-04T16:12:32Z",
    "updated_at": "2026-05-04T16:12:32Z"
  }
},
{
  "model": "curriculum.lesson",
  "pk": 20,
  "fields": {
    "course": 7,
    "order": 2,
    "title": "Telling the time",
    "slug": "telling-time",
    "body_markdown": "كم الساعة؟ — الساعة الثالثة والنصف.",
    "primary_video_url": "",
    "video_file": "",
    "duration_minutes": 12,
    "is_free_preview": false,
    "created_at": "2026-05-04T16:12:32Z",
    "updated_at": "2026-05-04T16:12:32Z"
  }
},
{
  "model": "curriculum.lesson",
  "pk": 21,
  "fields": {
    "course": 7,
    "order": 3,
    "title": "Days, months, and years",
    "slug": "days-months-years",
    "body_markdown": "يناير، فبراير، مارس…",
    "primary_video_url": "",
    "video_file": "",
    "duration_minutes": 11,
    "is_free_preview": false,
    "created_at": "2026-05-04T16:12:32Z",
    "updated_at": "2026-05-04T16:12:32Z"
  }
},
{
  "model": "curriculum.lesson",
  "pk": 22,
  "fields": {
    "course": 7,
    "order": 4,
    "title": "Talking about your schedule",
    "slug": "your-schedule",
    "body_markdown": "يوم الإثنين عندي عمل في الساعة التاسعة.",
    "primary_video_url": "",
    "video_file": "",
    "duration_minutes": 9,
    "is_free_preview": false,
    "created_at": "2026-05-04T16:12:32Z",
    "updated_at": "2026-05-04T16:12:32Z"
  }
},
{
  "model": "curriculum.lesson",
  "pk": 23,
  "fields": {
    "course": 8,
    "order": 1,
    "title": "Pets at home",
    "slug": "pets-at-home",
    "body_markdown": "قطة (cat), كلب (dog), طائر (bird), سمكة (fish)",
    "primary_video_url": "",
    "video_file": "",
    "duration_minutes": 8,
    "is_free_preview": true,
    "created_at": "2026-05-04T16:12:32Z",
    "updated_at": "2026-05-04T16:12:32Z"
  }
},
{
  "model": "curriculum.lesson",
  "pk": 24,
  "fields": {
    "course": 8,
    "order": 2,
    "title": "Farm animals",
    "slug": "farm-animals",
    "body_markdown": "بقرة (cow), خروف (sheep), دجاجة (chicken), حصان (horse)",
    "primary_video_url": "",
    "video_file": "",
    "duration_minutes": 10,
    "is_free_preview": false,
    "created_at": "2026-05-04T16:12:32Z",
    "updated_at": "2026-05-04T16:12:32Z"
  }
},
{
  "model": "curriculum.lesson",
  "pk": 25,
  "fields": {
    "course": 8,
    "order": 3,
    "title": "Wild animals",
    "slug": "wild-animals",
    "body_markdown": "أسد (lion), فيل (elephant), زرافة (giraffe), قرد (monkey)",
    "primary_video_url": "",
    "video_file": "",
    "duration_minutes": 11,
    "is_free_preview": false,
    "created_at": "2026-05-04T16:12:32Z",
    "updated_at": "2026-05-04T16:12:32Z"
  }
},
{
  "model": "curriculum.lesson",
  "pk": 26,
  "fields": {
    "course": 8,
    "order": 4,
    "title": "Colors of the rainbow",
    "slug": "colors-rainbow",
    "body_markdown": "أحمر، برتقالي، أصفر، أخضر، أزرق، نيلي، بنفسجي",
    "primary_video_url": "",
    "video_file": "",
    "duration_minutes": 9,
    "is_free_preview": false,
    "created_at": "2026-05-04T16:12:32Z",
    "updated_at": "2026-05-04T16:12:32Z"
  }
},
{
  "model": "curriculum.lesson",
  "pk": 27,
  "fields": {
    "course": 9,
    "order": 1,
    "title": "A weather report",
    "slug": "weather-report",
    "body_markdown": "الطقس اليوم مشمس مع رياح خفيفة…",
    "primary_video_url": "",
    "video_file": "",
    "duration_minutes": 6,
    "is_free_preview": true,
    "created_at": "2026-05-04T16:12:32Z",
    "updated_at": "2026-05-04T16:12:32Z"
  }
},
{
  "model": "curriculum.lesson",
  "pk": 28,
  "fields": {
    "course": 9,
    "order": 2,
    "title": "Headlines from the morning news",
    "slug": "morning-headlines",
    "body_markdown": "هذه أبرز عناوين النشرة الصباحية…",
    "primary_video_url": "",
    "video_file": "",
    "duration_minutes": 10,
    "is_free_preview": false,
    "created_at": "2026-05-04T16:12:32Z",
    "updated_at": "2026-05-04T16:12:32Z"
  }
},
{
  "model": "curriculum.lesson",
  "pk": 29,
  "fields": {
    "course": 9,
    "order": 3,
    "title": "A short folk tale",
    "slug": "folk-tale",
    "body_markdown": "كان يا ما كان في قديم الزمان…",
    "primary_video_url": "",
    "video_file": "",
    "duration_minutes": 14,
    "is_free_preview": false,
    "created_at": "2026-05-04T16:12:32Z",
    "updated_at": "2026-05-04T16:12:32Z"
  }
},
{
  "model": "curriculum.lesson",
  "pk": 30,
  "fields": {
    "course": 10,
    "order": 1,
    "title": "At school",
    "slug": "teens-at-school",
    "body_markdown": "كيف كان الامتحان؟ — كان صعبا جدا!",
    "primary_video_url": "",
    "video_file": "",
    "duration_minutes": 10,
    "is_free_preview": true,
    "created_at": "2026-05-04T16:12:32Z",
    "updated_at": "2026-05-04T16:12:32Z"
  }
},
{
  "model": "curriculum.lesson",
  "pk": 31,
  "fields": {
    "course": 10,
    "order": 2,
    "title": "Talking about social media",
    "slug": "teens-social-media",
    "body_markdown": "هل رأيت الفيديو الجديد؟",
    "primary_video_url": "",
    "video_file": "",
    "duration_minutes": 12,
    "is_free_preview": false,
    "created_at": "2026-05-04T16:12:32Z",
    "updated_at": "2026-05-04T16:12:32Z"
  }
},
{
  "model": "curriculum.lesson",
  "pk": 32,
  "fields": {
    "course": 10,
    "order": 3,
    "title": "Plans with friends",
    "slug": "teens-plans-friends",
    "body_markdown": "متى نلتقي يوم الجمعة؟",
    "primary_video_url": "",
    "video_file": "",
    "duration_minutes": 9,
    "is_free_preview": false,
    "created_at": "2026-05-04T16:12:32Z",
    "updated_at": "2026-05-04T16:12:32Z"
  }
},
{
  "model": "curriculum.lesson",
  "pk": 33,
  "fields": {
    "course": 11,
    "order": 1,
    "title": "Real conditionals with إذا",
    "slug": "real-conditionals",
    "body_markdown": "إذا followed by past tense expresses real, likely conditions.",
    "primary_video_url": "",
    "video_file": "",
    "duration_minutes": 14,
    "is_free_preview": true,
    "created_at": "2026-05-04T16:12:32Z",
    "updated_at": "2026-05-04T16:12:32Z"
  }
},
{
  "model": "curriculum.lesson",
  "pk": 34,
  "fields": {
    "course": 11,
    "order": 2,
    "title": "Hypothetical conditionals with لو",
    "slug": "hypothetical-law",
    "body_markdown": "لو is for unlikely or impossible conditions, often in the past.",
    "primary_video_url": "",
    "video_file": "",
    "duration_minutes": 16,
    "is_free_preview": false,
    "created_at": "2026-05-04T16:12:32Z",
    "updated_at": "2026-05-04T16:12:32Z"
  }
},
{
  "model": "curriculum.lesson",
  "pk": 35,
  "fields": {
    "course": 11,
    "order": 3,
    "title": "Negative conditionals with إن لم",
    "slug": "negative-in-lam",
    "body_markdown": "إن لم: \"if not\". Followed by jussive (الجزم).",
    "primary_video_url": "",
    "video_file": "",
    "duration_minutes": 13,
    "is_free_preview": false,
    "created_at": "2026-05-04T16:12:32Z",
    "updated_at": "2026-05-04T16:12:32Z"
  }
},
{
  "model": "curriculum.lesson",
  "pk": 36,
  "fields": {
    "course": 12,
    "order": 1,
    "title": "The \"ع\" sound",
    "slug": "ayn-sound",
    "body_markdown": "ع is voiced and pharyngeal. We'll show you exactly where to feel it.",
    "primary_video_url": "",
    "video_file": "",
    "duration_minutes": 8,
    "is_free_preview": true,
    "created_at": "2026-05-04T16:12:32Z",
    "updated_at": "2026-05-04T16:12:32Z"
  }
},
{
  "model": "curriculum.lesson",
  "pk": 37,
  "fields": {
    "course": 12,
    "order": 2,
    "title": "The \"ح\" sound",
    "slug": "haa-sound",
    "body_markdown": "ح is voiceless and pharyngeal — much \"deeper\" than English h.",
    "primary_video_url": "",
    "video_file": "",
    "duration_minutes": 7,
    "is_free_preview": false,
    "created_at": "2026-05-04T16:12:32Z",
    "updated_at": "2026-05-04T16:12:32Z"
  }
},
{
  "model": "curriculum.lesson",
  "pk": 38,
  "fields": {
    "course": 12,
    "order": 3,
    "title": "\"خ\" vs \"غ\"",
    "slug": "khaa-vs-ghayn",
    "body_markdown": "Two sounds that beginners confuse — and how to tell them apart.",
    "primary_video_url": "",
    "video_file": "",
    "duration_minutes": 9,
    "is_free_preview": false,
    "created_at": "2026-05-04T16:12:32Z",
    "updated_at": "2026-05-04T16:12:32Z"
  }
},
{
  "model": "curriculum.lesson",
  "pk": 39,
  "fields": {
    "course": 12,
    "order": 4,
    "title": "Emphatic letters: ص ض ط ظ",
    "slug": "emphatic-letters",
    "body_markdown": "The four emphatic consonants and how they color surrounding vowels.",
    "primary_video_url": "",
    "video_file": "",
    "duration_minutes": 11,
    "is_free_preview": false,
    "created_at": "2026-05-04T16:12:32Z",
    "updated_at": "2026-05-04T16:12:32Z"
  }
},
{
  "model": "curriculum.lesson",
  "pk": 40,
  "fields": {
    "course": 13,
    "order": 1,
    "title": "Learn Arabic from scratch : Lesson 1 - The Speaking Course for Absolute Beginners",
    "slug": "lesson-1",
    "body_markdown": "",
    "primary_video_url": "https://www.youtube.com/watch?v=NapGLT3WFX8&list=PLr_tqbGZylgY_ZGOgGO2KlCLknUPA8g4w&index=2",
    "video_file": "lesson_videos/Learn Arabic from scratch _ Lesson 1 - The Speaking Course for Absolute Beginners.mp4",
    "duration_minutes": 6,
    "is_free_preview": true,
    "created_at": "2026-05-04T16:22:14Z",
    "updated_at": "2026-05-04T21:37:25.241Z"
  }
},
{
  "model": "curriculum.lesson",
  "pk": 41,
  "fields": {
    "course": 13,
    "order": 2,
    "title": "Learn Arabic from scratch : Lesson 2 - The Speaking Course for Absolute Beginners",
    "slug": "lesson-2",
    "body_markdown": "",
    "primary_video_url": "https://www.youtube.com/watch?v=vZYV5tTIZTI&list=PLr_tqbGZylgY_ZGOgGO2KlCLknUPA8g4w&index=2",
    "video_file": "lesson_videos/Learn Arabic from scratch _ Lesson 2 - The Speaking Course for Absolute Beginners.mp4",
    "duration_minutes": 8,
    "is_free_preview": false,
    "created_at": "2026-05-04T16:22:14Z",
    "updated_at": "2026-05-04T21:37:47.127Z"
  }
},
{
  "model": "curriculum.lesson",
  "pk": 42,
  "fields": {
    "course": 13,
    "order": 3,
    "title": "Learn Arabic from scratch : Lesson 3 - The Speaking Course for Absolute Beginners",
    "slug": "lesson-3",
    "body_markdown": "",
    "primary_video_url": "https://www.youtube.com/embed/OrQZZPKeqNM?list=PLr_tqbGZylgY_ZGOgGO2KlCLknUPA8g4w",
    "video_file": "lesson_videos/Learn Arabic from scratch _ Lesson 3 - The Speaking Course for Absolute Beginners.mp4",
    "duration_minutes": 9,
    "is_free_preview": false,
    "created_at": "2026-05-04T16:22:14Z",
    "updated_at": "2026-05-04T21:33:20.197Z"
  }
},
{
  "model": "curriculum.lesson",
  "pk": 43,
  "fields": {
    "course": 13,
    "order": 4,
    "title": "Learn Arabic from scratch : Lesson 4 - The Speaking Course for Absolute Beginners",
    "slug": "lesson-4",
    "body_markdown": "",
    "primary_video_url": "https://www.youtube.com/embed/NjJ3fvqDTi4?list=PLr_tqbGZylgY_ZGOgGO2KlCLknUPA8g4w",
    "video_file": "lesson_videos/Learn Arabic from scratch _ Lesson 4 - The Speaking Course for Absolute Beginners.mp4",
    "duration_minutes": 10,
    "is_free_preview": false,
    "created_at": "2026-05-04T16:22:14Z",
    "updated_at": "2026-05-04T21:33:20.197Z"
  }
},
{
  "model": "curriculum.lesson",
  "pk": 44,
  "fields": {
    "course": 13,
    "order": 5,
    "title": "Learn Arabic from scratch : Lesson 5 - The Speaking Course for Absolute Beginners",
    "slug": "lesson-5",
    "body_markdown": "",
    "primary_video_url": "https://www.youtube.com/embed/q6koiC3tXSw?list=PLr_tqbGZylgY_ZGOgGO2KlCLknUPA8g4w",
    "video_file": "lesson_videos/Learn Arabic from scratch _ Lesson 5 - The Speaking Course for Absolute Beginners.mp4",
    "duration_minutes": 7,
    "is_free_preview": false,
    "created_at": "2026-05-04T16:22:14Z",
    "updated_at": "2026-05-04T21:33:20.198Z"
  }
},
{
  "model": "curriculum.lesson",
  "pk": 45,
  "fields": {
    "course": 13,
    "order": 6,
    "title": "Learn Arabic from scratch : Lesson 6 - The Speaking Course for Absolute Beginners",
    "slug": "lesson-6",
    "body_markdown": "",
    "primary_video_url": "https://www.youtube.com/embed/f_0Hf-SZOPw?list=PLr_tqbGZylgY_ZGOgGO2KlCLknUPA8g4w",
    "video_file": "lesson_videos/Learn Arabic from scratch _ Lesson 6 - The Speaking Course for Absolute Beginners.mp4",
    "duration_minutes": 10,
    "is_free_preview": false,
    "created_at": "2026-05-04T16:46:37Z",
    "updated_at": "2026-05-04T21:33:20.199Z"
  }
},
{
  "model": "curriculum.lesson",
  "pk": 46,
  "fields": {
    "course": 13,
    "order": 7,
    "title": "Learn Arabic from scratch : Lesson 7 - The Speaking Course for Absolute Beginners",
    "slug": "lesson-7",
    "body_markdown": "",
    "primary_video_url": "https://www.youtube.com/embed/f-rEj7EQmYI?list=PLr_tqbGZylgY_ZGOgGO2KlCLknUPA8g4w",
    "video_file": "lesson_videos/Learn Arabic from scratch _ Lesson 7 - The Speaking Course for Absolute Beginners.mp4",
    "duration_minutes": 10,
    "is_free_preview": false,
    "created_at": "2026-05-04T16:46:37Z",
    "updated_at": "2026-05-04T18:13:27Z"
  }
},
{
  "model": "curriculum.lesson",
  "pk": 47,
  "fields": {
    "course": 13,
    "order": 8,
    "title": "Learn Arabic from scratch : Lesson 8 - The Speaking Course for Absolute Beginners",
    "slug": "lesson-8",
    "body_markdown": "",
    "primary_video_url": "",
    "video_file": "lesson_videos/Learn Arabic from scratch _ Lesson 8 - The Speaking Course for Absolute Beginners.mp4",
    "duration_minutes": 10,
    "is_free_preview": false,
    "created_at": "2026-05-04T18:13:27Z",
    "updated_at": "2026-05-04T18:13:27Z"
  }
},
{
  "model": "curriculum.lesson",
  "pk": 48,
  "fields": {
    "course": 13,
    "order": 9,
    "title": "Learn Arabic from scratch : Lesson 9 - The Speaking Course for Absolute Beginners",
    "slug": "lesson-9",
    "body_markdown": "",
    "primary_video_url": "",
    "video_file": "lesson_videos/Learn Arabic from scratch _ Lesson 9 - The Speaking Course for Absolute Beginners.mp4",
    "duration_minutes": 10,
    "is_free_preview": false,
    "created_at": "2026-05-04T18:13:27Z",
    "updated_at": "2026-05-04T18:13:27Z"
  }
},
{
  "model": "curriculum.lesson",
  "pk": 57,
  "fields": {
    "course": 12,
    "order": 9,
    "title": "Sun and Moon letters (الـ)",
    "slug": "sun-moon-letters",
    "body_markdown": "The word for \"the\" is الـ (al-). But sometimes the \"L\" is silent.\n\n- **Moon Letters**: Say the \"L\". (e.g., Al-Qamar / The Moon)\n- **Sun Letters**: Skip the \"L\" and double the next letter. (e.g., Ash-Shams / The Sun)",
    "primary_video_url": "",
    "video_file": "",
    "duration_minutes": 12,
    "is_free_preview": false,
    "created_at": "2026-05-12T12:47:23Z",
    "updated_at": "2026-05-12T12:47:23Z"
  }
},
{
  "model": "curriculum.lesson",
  "pk": 58,
  "fields": {
    "course": 12,
    "order": 10,
    "title": "Numbers 1 to 10",
    "slug": "numbers-1-10",
    "body_markdown": "Counting in Arabic! Learn 1 (waahid) through 10 (ashara) with fun rhymes.",
    "primary_video_url": "",
    "video_file": "",
    "duration_minutes": 10,
    "is_free_preview": false,
    "created_at": "2026-05-12T12:47:23Z",
    "updated_at": "2026-05-12T12:47:23Z"
  }
},
{
  "model": "curriculum.lesson",
  "pk": 59,
  "fields": {
    "course": 12,
    "order": 11,
    "title": "Family Members",
    "slug": "family-members",
    "body_markdown": "Learn how to say Mother (Umm), Father (Abb), Brother (Akh), and Sister (Ukht).",
    "primary_video_url": "",
    "video_file": "",
    "duration_minutes": 10,
    "is_free_preview": false,
    "created_at": "2026-05-12T12:47:23Z",
    "updated_at": "2026-05-12T12:47:23Z"
  }
},
{
  "model": "curriculum.lesson",
  "pk": 60,
  "fields": {
    "course": 12,
    "order": 12,
    "title": "Colors of the Rainbow",
    "slug": "colors",
    "body_markdown": "Red (Ahmar), Blue (Azraq), Green (Akhdar) and more!",
    "primary_video_url": "",
    "video_file": "",
    "duration_minutes": 11,
    "is_free_preview": false,
    "created_at": "2026-05-12T12:47:23Z",
    "updated_at": "2026-05-12T12:47:23Z"
  }
},
{
  "model": "curriculum.lesson",
  "pk": 61,
  "fields": {
    "course": 12,
    "order": 13,
    "title": "Common Animals",
    "slug": "animals",
    "body_markdown": "Learn the names of cats, dogs, lions, and camels.",
    "primary_video_url": "",
    "video_file": "",
    "duration_minutes": 10,
    "is_free_preview": false,
    "created_at": "2026-05-12T12:47:23Z",
    "updated_at": "2026-05-12T12:47:23Z"
  }
},
{
  "model": "curriculum.lesson",
  "pk": 62,
  "fields": {
    "course": 12,
    "order": 14,
    "title": "Days of the Week",
    "slug": "days-of-the-week",
    "body_markdown": "From Al-Ahad (Sunday) to Sabt (Saturday).",
    "primary_video_url": "",
    "video_file": "",
    "duration_minutes": 9,
    "is_free_preview": false,
    "created_at": "2026-05-12T12:47:23Z",
    "updated_at": "2026-05-12T12:47:23Z"
  }
},
{
  "model": "curriculum.lesson",
  "pk": 63,
  "fields": {
    "course": 12,
    "order": 15,
    "title": "My First Conversation",
    "slug": "basic-phrases",
    "body_markdown": "Putting it all together: \"How are you?\" and \"My name is...\"",
    "primary_video_url": "",
    "video_file": "",
    "duration_minutes": 13,
    "is_free_preview": false,
    "created_at": "2026-05-12T12:47:23Z",
    "updated_at": "2026-05-12T12:47:23Z"
  }
},
{
  "model": "curriculum.lesson",
  "pk": 64,
  "fields": {
    "course": 12,
    "order": 16,
    "title": "Course Review & Celebration",
    "slug": "graduation",
    "body_markdown": "A recap of everything we learned. You can now read Arabic!",
    "primary_video_url": "",
    "video_file": "",
    "duration_minutes": 15,
    "is_free_preview": false,
    "created_at": "2026-05-12T12:47:23Z",
    "updated_at": "2026-05-12T12:47:23Z"
  }
},
{
  "model": "curriculum.lesson",
  "pk": 65,
  "fields": {
    "course": 14,
    "order": 9,
    "title": "Sun and Moon letters (الـ)",
    "slug": "sun-moon-letters",
    "body_markdown": "The word for \"the\" is الـ (al-). But sometimes the \"L\" is silent.\n\n- **Moon Letters**: Say the \"L\". (e.g., Al-Qamar / The Moon)\n- **Sun Letters**: Skip the \"L\" and double the next letter. (e.g., Ash-Shams / The Sun)",
    "primary_video_url": "",
    "video_file": "",
    "duration_minutes": 12,
    "is_free_preview": false,
    "created_at": "2026-05-12T12:49:28Z",
    "updated_at": "2026-05-12T12:49:28Z"
  }
},
{
  "model": "curriculum.lesson",
  "pk": 66,
  "fields": {
    "course": 14,
    "order": 10,
    "title": "Numbers 1 to 10",
    "slug": "numbers-1-10",
    "body_markdown": "Counting in Arabic! Learn 1 (waahid) through 10 (ashara) with fun rhymes.",
    "primary_video_url": "",
    "video_file": "",
    "duration_minutes": 10,
    "is_free_preview": false,
    "created_at": "2026-05-12T12:49:28Z",
    "updated_at": "2026-05-12T12:49:28Z"
  }
},
{
  "model": "curriculum.lesson",
  "pk": 67,
  "fields": {
    "course": 14,
    "order": 11,
    "title": "Family Members",
    "slug": "family-members",
    "body_markdown": "Learn how to say Mother (Umm), Father (Abb), Brother (Akh), and Sister (Ukht).",
    "primary_video_url": "",
    "video_file": "",
    "duration_minutes": 10,
    "is_free_preview": false,
    "created_at": "2026-05-12T12:49:28Z",
    "updated_at": "2026-05-12T12:49:28Z"
  }
},
{
  "model": "curriculum.lesson",
  "pk": 68,
  "fields": {
    "course": 14,
    "order": 12,
    "title": "Colors of the Rainbow",
    "slug": "colors",
    "body_markdown": "Red (Ahmar), Blue (Azraq), Green (Akhdar) and more!",
    "primary_video_url": "",
    "video_file": "",
    "duration_minutes": 11,
    "is_free_preview": false,
    "created_at": "2026-05-12T12:49:28Z",
    "updated_at": "2026-05-12T12:49:28Z"
  }
},
{
  "model": "curriculum.lesson",
  "pk": 69,
  "fields": {
    "course": 14,
    "order": 13,
    "title": "Common Animals",
    "slug": "animals",
    "body_markdown": "Learn the names of cats, dogs, lions, and camels.",
    "primary_video_url": "",
    "video_file": "",
    "duration_minutes": 10,
    "is_free_preview": false,
    "created_at": "2026-05-12T12:49:28Z",
    "updated_at": "2026-05-12T12:49:28Z"
  }
},
{
  "model": "curriculum.lesson",
  "pk": 70,
  "fields": {
    "course": 14,
    "order": 14,
    "title": "Days of the Week",
    "slug": "days-of-the-week",
    "body_markdown": "From Al-Ahad (Sunday) to Sabt (Saturday).",
    "primary_video_url": "",
    "video_file": "",
    "duration_minutes": 9,
    "is_free_preview": false,
    "created_at": "2026-05-12T12:49:28Z",
    "updated_at": "2026-05-12T12:49:28Z"
  }
},
{
  "model": "curriculum.lesson",
  "pk": 71,
  "fields": {
    "course": 14,
    "order": 15,
    "title": "My First Conversation",
    "slug": "basic-phrases",
    "body_markdown": "Putting it all together: \"How are you?\" and \"My name is...\"",
    "primary_video_url": "",
    "video_file": "",
    "duration_minutes": 13,
    "is_free_preview": false,
    "created_at": "2026-05-12T12:49:28Z",
    "updated_at": "2026-05-12T12:49:28Z"
  }
},
{
  "model": "curriculum.lesson",
  "pk": 72,
  "fields": {
    "course": 14,
    "order": 16,
    "title": "Course Review & Celebration",
    "slug": "graduation",
    "body_markdown": "A recap of everything we learned. You can now read Arabic!",
    "primary_video_url": "",
    "video_file": "",
    "duration_minutes": 15,
    "is_free_preview": false,
    "created_at": "2026-05-12T12:49:28Z",
    "updated_at": "2026-05-12T12:49:28Z"
  }
},
{
  "model": "curriculum.lesson",
  "pk": 73,
  "fields": {
    "course": 20,
    "order": 1,
    "title": "Cleaning Your Room",
    "slug": "cleaning-your-room",
    "body_markdown": "تنظيف الغرفة\r\n           الحفاظ على نظافة غرفتك أمر مهم. ابدأ بجمع ألعابك ووضعها في مكانها الصحيح. ثم قم بطي ملابسك ووضعها بشكل مرتب. الغرفة النظيفة\r\n تساعدك على الشعور بالراحة والتنظيم.",
    "primary_video_url": "",
    "video_file": "",
    "duration_minutes": null,
    "is_free_preview": true,
    "created_at": "2026-05-14T19:09:39.440Z",
    "updated_at": "2026-05-14T19:09:39.440Z"
  }
},
{
  "model": "curriculum.lesson",
  "pk": 74,
  "fields": {
    "course": 20,
    "order": 2,
    "title": "Washing Hands Properly",
    "slug": "washing-hands-properly",
    "body_markdown": "غسل اليدين بشكل صحيح\r\n      غسل اليدين يساعد في الحفاظ على صحتك. استخدم الصابون والماء وافرك يديك لمدة 20 ثانية على الأقل ثم اشطفهما جيدًا.",
    "primary_video_url": "",
    "video_file": "",
    "duration_minutes": null,
    "is_free_preview": false,
    "created_at": "2026-05-14T19:10:57.736Z",
    "updated_at": "2026-05-14T19:10:57.736Z"
  }
},
{
  "model": "curriculum.lesson",
  "pk": 75,
  "fields": {
    "course": 20,
    "order": 3,
    "title": "Getting Ready for School",
    "slug": "getting-ready-for-school",
    "body_markdown": "الاستعداد للمدرسة\r\n الاستعداد للمدرسة هو جزء مهم من الروتين اليومي. جهّز حقيبتك في الليلة السابقة، حضّر ملابسك، واستيقظ في الوقت المناسب. هذا يساعدك على بدء يومك بدون توتر.",
    "primary_video_url": "",
    "video_file": "",
    "duration_minutes": null,
    "is_free_preview": false,
    "created_at": "2026-05-14T19:11:54.117Z",
    "updated_at": "2026-05-14T19:11:54.117Z"
  }
},
{
  "model": "curriculum.lesson",
  "pk": 76,
  "fields": {
    "course": 20,
    "order": 4,
    "title": "Healthy Eating",
    "slug": "healthy-eating",
    "body_markdown": "الأكل الصحي\r\nتناول الطعام الصحي يساعد جسمك على النمو بقوة. حاول تناول الفواكه والخضروات و**شرب الماء**. تجنب تناول الكثير من السكر والوجبات غير الصحية. الأكل الصحي يمنحك الطاقة للتعلم واللعب.",
    "primary_video_url": "",
    "video_file": "",
    "duration_minutes": null,
    "is_free_preview": false,
    "created_at": "2026-05-14T19:23:16.439Z",
    "updated_at": "2026-05-14T19:23:16.439Z"
  }
},
{
  "model": "curriculum.lesson",
  "pk": 77,
  "fields": {
    "course": 20,
    "order": 5,
    "title": "test",
    "slug": "test",
    "body_markdown": "<span style=\"color:#c0392b\">test</span>\r\n<span style=\"color:#c89b3c\">test</span>",
    "primary_video_url": "",
    "video_file": "",
    "duration_minutes": null,
    "is_free_preview": false,
    "created_at": "2026-05-14T19:30:33.421Z",
    "updated_at": "2026-05-14T19:30:33.421Z"
  }
},
{
  "model": "curriculum.enrollment",
  "pk": 2,
  "fields": {
    "student": 1,
    "course": 3,
    "status": "completed",
    "started_at": "2026-05-04T20:14:37.486Z",
    "completed_at": "2026-05-04T20:16:14.188Z",
    "certificate_url": "",
    "certificate_code": "d2f79422e89ef9b406a270dbecbb802c"
  }
},
{
  "model": "curriculum.enrollment",
  "pk": 3,
  "fields": {
    "student": 1,
    "course": 4,
    "status": "completed",
    "started_at": "2026-05-04T20:16:27.636Z",
    "completed_at": "2026-06-02T19:51:00.715Z",
    "certificate_url": "",
    "certificate_code": "91DCNHFY74OJECGT8QE8W1Z46RE67ASZ"
  }
},
{
  "model": "curriculum.enrollment",
  "pk": 4,
  "fields": {
    "student": 1,
    "course": 11,
    "status": "active",
    "started_at": "2026-05-04T20:17:29.604Z",
    "completed_at": null,
    "certificate_url": "",
    "certificate_code": ""
  }
},
{
  "model": "curriculum.enrollment",
  "pk": 5,
  "fields": {
    "student": 1,
    "course": 13,
    "status": "active",
    "started_at": "2026-05-04T20:22:27.023Z",
    "completed_at": null,
    "certificate_url": "",
    "certificate_code": ""
  }
},
{
  "model": "curriculum.enrollment",
  "pk": 6,
  "fields": {
    "student": 3,
    "course": 13,
    "status": "active",
    "started_at": "2026-05-04T21:41:30.376Z",
    "completed_at": null,
    "certificate_url": "",
    "certificate_code": ""
  }
},
{
  "model": "curriculum.enrollment",
  "pk": 7,
  "fields": {
    "student": 3,
    "course": 8,
    "status": "active",
    "started_at": "2026-05-05T15:35:06.095Z",
    "completed_at": null,
    "certificate_url": "",
    "certificate_code": ""
  }
},
{
  "model": "curriculum.enrollment",
  "pk": 8,
  "fields": {
    "student": 3,
    "course": 3,
    "status": "active",
    "started_at": "2026-05-08T17:13:14.137Z",
    "completed_at": null,
    "certificate_url": "",
    "certificate_code": ""
  }
},
{
  "model": "curriculum.enrollment",
  "pk": 9,
  "fields": {
    "student": 1,
    "course": 5,
    "status": "active",
    "started_at": "2026-05-11T18:01:44.814Z",
    "completed_at": null,
    "certificate_url": "",
    "certificate_code": ""
  }
},
{
  "model": "curriculum.enrollment",
  "pk": 10,
  "fields": {
    "student": 1,
    "course": 12,
    "status": "active",
    "started_at": "2026-05-11T18:31:02.540Z",
    "completed_at": null,
    "certificate_url": "",
    "certificate_code": ""
  }
},
{
  "model": "curriculum.enrollment",
  "pk": 11,
  "fields": {
    "student": 1,
    "course": 8,
    "status": "active",
    "started_at": "2026-05-12T16:24:03.081Z",
    "completed_at": null,
    "certificate_url": "",
    "certificate_code": ""
  }
},
{
  "model": "curriculum.enrollment",
  "pk": 13,
  "fields": {
    "student": 1,
    "course": 14,
    "status": "completed",
    "started_at": "2026-05-12T16:49:41.085Z",
    "completed_at": "2026-06-02T19:38:38.002Z",
    "certificate_url": "",
    "certificate_code": "70B75NLQ5379L3D8W8KJVZQH5CJYLAHU"
  }
},
{
  "model": "curriculum.enrollment",
  "pk": 14,
  "fields": {
    "student": 1,
    "course": 20,
    "status": "active",
    "started_at": "2026-05-16T20:01:38.352Z",
    "completed_at": null,
    "certificate_url": "",
    "certificate_code": ""
  }
},
{
  "model": "curriculum.lessonprogress",
  "pk": 1,
  "fields": {
    "enrollment": 2,
    "lesson": 4,
    "status": "in_progress",
    "last_viewed_at": "2026-05-04T20:15:21.459Z",
    "completed_at": null
  }
},
{
  "model": "curriculum.lessonprogress",
  "pk": 2,
  "fields": {
    "enrollment": 2,
    "lesson": 5,
    "status": "in_progress",
    "last_viewed_at": "2026-05-04T20:15:22.760Z",
    "completed_at": null
  }
},
{
  "model": "curriculum.lessonprogress",
  "pk": 3,
  "fields": {
    "enrollment": 2,
    "lesson": 6,
    "status": "in_progress",
    "last_viewed_at": "2026-05-04T20:15:23.859Z",
    "completed_at": null
  }
},
{
  "model": "curriculum.lessonprogress",
  "pk": 4,
  "fields": {
    "enrollment": 3,
    "lesson": 8,
    "status": "completed",
    "last_viewed_at": "2026-06-02T19:50:57.024Z",
    "completed_at": "2026-06-02T19:50:57.024Z"
  }
},
{
  "model": "curriculum.lessonprogress",
  "pk": 5,
  "fields": {
    "enrollment": 3,
    "lesson": 9,
    "status": "completed",
    "last_viewed_at": "2026-06-02T19:50:58.568Z",
    "completed_at": "2026-06-02T19:50:58.568Z"
  }
},
{
  "model": "curriculum.lessonprogress",
  "pk": 6,
  "fields": {
    "enrollment": 3,
    "lesson": 10,
    "status": "completed",
    "last_viewed_at": "2026-06-02T19:50:59.708Z",
    "completed_at": "2026-06-02T19:50:59.708Z"
  }
},
{
  "model": "curriculum.lessonprogress",
  "pk": 7,
  "fields": {
    "enrollment": 3,
    "lesson": 11,
    "status": "completed",
    "last_viewed_at": "2026-06-02T19:51:00.708Z",
    "completed_at": "2026-06-02T19:51:00.708Z"
  }
},
{
  "model": "curriculum.lessonprogress",
  "pk": 8,
  "fields": {
    "enrollment": 3,
    "lesson": 7,
    "status": "completed",
    "last_viewed_at": null,
    "completed_at": "2026-05-04T20:17:05.148Z"
  }
},
{
  "model": "curriculum.lessonprogress",
  "pk": 9,
  "fields": {
    "enrollment": 4,
    "lesson": 34,
    "status": "completed",
    "last_viewed_at": "2026-05-12T16:51:16.592Z",
    "completed_at": "2026-05-04T20:18:17.180Z"
  }
},
{
  "model": "curriculum.lessonprogress",
  "pk": 10,
  "fields": {
    "enrollment": 4,
    "lesson": 35,
    "status": "in_progress",
    "last_viewed_at": "2026-05-12T16:51:21.693Z",
    "completed_at": null
  }
},
{
  "model": "curriculum.lessonprogress",
  "pk": 11,
  "fields": {
    "enrollment": 5,
    "lesson": 41,
    "status": "in_progress",
    "last_viewed_at": "2026-05-04T20:46:47.132Z",
    "completed_at": null
  }
},
{
  "model": "curriculum.lessonprogress",
  "pk": 12,
  "fields": {
    "enrollment": 5,
    "lesson": 43,
    "status": "in_progress",
    "last_viewed_at": "2026-05-04T20:30:38.906Z",
    "completed_at": null
  }
},
{
  "model": "curriculum.lessonprogress",
  "pk": 13,
  "fields": {
    "enrollment": 5,
    "lesson": 42,
    "status": "in_progress",
    "last_viewed_at": "2026-05-04T20:31:22.458Z",
    "completed_at": null
  }
},
{
  "model": "curriculum.lessonprogress",
  "pk": 14,
  "fields": {
    "enrollment": 5,
    "lesson": 44,
    "status": "in_progress",
    "last_viewed_at": "2026-05-04T20:30:39.751Z",
    "completed_at": null
  }
},
{
  "model": "curriculum.lessonprogress",
  "pk": 15,
  "fields": {
    "enrollment": 6,
    "lesson": 42,
    "status": "in_progress",
    "last_viewed_at": "2026-05-08T17:13:03.201Z",
    "completed_at": null
  }
},
{
  "model": "curriculum.lessonprogress",
  "pk": 16,
  "fields": {
    "enrollment": 6,
    "lesson": 41,
    "status": "in_progress",
    "last_viewed_at": "2026-05-08T17:12:57.720Z",
    "completed_at": null
  }
},
{
  "model": "curriculum.lessonprogress",
  "pk": 17,
  "fields": {
    "enrollment": 6,
    "lesson": 43,
    "status": "in_progress",
    "last_viewed_at": "2026-05-04T22:16:15.229Z",
    "completed_at": null
  }
},
{
  "model": "curriculum.lessonprogress",
  "pk": 18,
  "fields": {
    "enrollment": 6,
    "lesson": 44,
    "status": "in_progress",
    "last_viewed_at": "2026-05-04T22:16:16.149Z",
    "completed_at": null
  }
},
{
  "model": "curriculum.lessonprogress",
  "pk": 19,
  "fields": {
    "enrollment": 6,
    "lesson": 45,
    "status": "in_progress",
    "last_viewed_at": "2026-05-04T22:16:16.685Z",
    "completed_at": null
  }
},
{
  "model": "curriculum.lessonprogress",
  "pk": 20,
  "fields": {
    "enrollment": 6,
    "lesson": 46,
    "status": "in_progress",
    "last_viewed_at": "2026-05-04T22:16:17.401Z",
    "completed_at": null
  }
},
{
  "model": "curriculum.lessonprogress",
  "pk": 21,
  "fields": {
    "enrollment": 6,
    "lesson": 47,
    "status": "in_progress",
    "last_viewed_at": "2026-05-04T22:16:18.138Z",
    "completed_at": null
  }
},
{
  "model": "curriculum.lessonprogress",
  "pk": 22,
  "fields": {
    "enrollment": 6,
    "lesson": 48,
    "status": "in_progress",
    "last_viewed_at": "2026-05-04T22:16:18.986Z",
    "completed_at": null
  }
},
{
  "model": "curriculum.lessonprogress",
  "pk": 23,
  "fields": {
    "enrollment": 7,
    "lesson": 24,
    "status": "in_progress",
    "last_viewed_at": "2026-05-07T12:31:01.427Z",
    "completed_at": null
  }
},
{
  "model": "curriculum.lessonprogress",
  "pk": 24,
  "fields": {
    "enrollment": 7,
    "lesson": 25,
    "status": "in_progress",
    "last_viewed_at": "2026-05-07T12:31:04.507Z",
    "completed_at": null
  }
},
{
  "model": "curriculum.lessonprogress",
  "pk": 25,
  "fields": {
    "enrollment": 7,
    "lesson": 26,
    "status": "in_progress",
    "last_viewed_at": "2026-05-07T12:31:06.272Z",
    "completed_at": null
  }
},
{
  "model": "curriculum.lessonprogress",
  "pk": 26,
  "fields": {
    "enrollment": 8,
    "lesson": 4,
    "status": "completed",
    "last_viewed_at": "2026-05-08T17:13:16.146Z",
    "completed_at": "2026-05-08T17:13:49.136Z"
  }
},
{
  "model": "curriculum.lessonprogress",
  "pk": 27,
  "fields": {
    "enrollment": 9,
    "lesson": 13,
    "status": "completed",
    "last_viewed_at": "2026-06-02T19:38:56.875Z",
    "completed_at": "2026-06-02T19:38:56.875Z"
  }
},
{
  "model": "curriculum.lessonprogress",
  "pk": 28,
  "fields": {
    "enrollment": 9,
    "lesson": 14,
    "status": "completed",
    "last_viewed_at": "2026-06-02T19:38:57.978Z",
    "completed_at": "2026-06-02T19:38:57.978Z"
  }
},
{
  "model": "curriculum.lessonprogress",
  "pk": 29,
  "fields": {
    "enrollment": 9,
    "lesson": 15,
    "status": "completed",
    "last_viewed_at": "2026-06-02T19:38:58.901Z",
    "completed_at": "2026-06-02T19:38:58.901Z"
  }
},
{
  "model": "curriculum.lessonprogress",
  "pk": 30,
  "fields": {
    "enrollment": 10,
    "lesson": 37,
    "status": "completed",
    "last_viewed_at": "2026-06-02T19:41:09.892Z",
    "completed_at": "2026-06-02T19:40:34.307Z"
  }
},
{
  "model": "curriculum.lessonprogress",
  "pk": 31,
  "fields": {
    "enrollment": 10,
    "lesson": 38,
    "status": "completed",
    "last_viewed_at": "2026-06-02T19:40:36.044Z",
    "completed_at": "2026-06-02T19:40:36.044Z"
  }
},
{
  "model": "curriculum.lessonprogress",
  "pk": 32,
  "fields": {
    "enrollment": 11,
    "lesson": 24,
    "status": "completed",
    "last_viewed_at": "2026-06-02T19:39:56.472Z",
    "completed_at": "2026-06-02T19:39:13.874Z"
  }
},
{
  "model": "curriculum.lessonprogress",
  "pk": 33,
  "fields": {
    "enrollment": 11,
    "lesson": 25,
    "status": "completed",
    "last_viewed_at": "2026-06-02T19:39:57.906Z",
    "completed_at": "2026-06-02T19:39:17.314Z"
  }
},
{
  "model": "curriculum.lessonprogress",
  "pk": 34,
  "fields": {
    "enrollment": 11,
    "lesson": 26,
    "status": "completed",
    "last_viewed_at": "2026-06-02T19:39:59.106Z",
    "completed_at": "2026-06-02T19:39:19.125Z"
  }
},
{
  "model": "curriculum.lessonprogress",
  "pk": 35,
  "fields": {
    "enrollment": 13,
    "lesson": 65,
    "status": "completed",
    "last_viewed_at": "2026-06-02T19:38:24.009Z",
    "completed_at": "2026-06-02T19:38:24.009Z"
  }
},
{
  "model": "curriculum.lessonprogress",
  "pk": 36,
  "fields": {
    "enrollment": 13,
    "lesson": 66,
    "status": "completed",
    "last_viewed_at": "2026-06-02T19:38:29.378Z",
    "completed_at": "2026-06-02T19:38:29.378Z"
  }
},
{
  "model": "curriculum.lessonprogress",
  "pk": 37,
  "fields": {
    "enrollment": 13,
    "lesson": 67,
    "status": "completed",
    "last_viewed_at": "2026-06-02T19:38:31.375Z",
    "completed_at": "2026-06-02T19:38:31.375Z"
  }
},
{
  "model": "curriculum.lessonprogress",
  "pk": 38,
  "fields": {
    "enrollment": 13,
    "lesson": 68,
    "status": "completed",
    "last_viewed_at": "2026-06-02T19:38:32.756Z",
    "completed_at": "2026-06-02T19:38:32.756Z"
  }
},
{
  "model": "curriculum.lessonprogress",
  "pk": 39,
  "fields": {
    "enrollment": 13,
    "lesson": 69,
    "status": "completed",
    "last_viewed_at": "2026-06-02T19:38:34.594Z",
    "completed_at": "2026-06-02T19:38:34.594Z"
  }
},
{
  "model": "curriculum.lessonprogress",
  "pk": 40,
  "fields": {
    "enrollment": 13,
    "lesson": 70,
    "status": "completed",
    "last_viewed_at": "2026-06-02T19:38:36.175Z",
    "completed_at": "2026-06-02T19:38:36.175Z"
  }
},
{
  "model": "curriculum.lessonprogress",
  "pk": 41,
  "fields": {
    "enrollment": 13,
    "lesson": 71,
    "status": "completed",
    "last_viewed_at": "2026-06-02T19:38:37.173Z",
    "completed_at": "2026-06-02T19:38:37.173Z"
  }
},
{
  "model": "curriculum.lessonprogress",
  "pk": 42,
  "fields": {
    "enrollment": 13,
    "lesson": 72,
    "status": "completed",
    "last_viewed_at": "2026-06-02T19:38:37.995Z",
    "completed_at": "2026-06-02T19:38:37.995Z"
  }
},
{
  "model": "curriculum.lessonprogress",
  "pk": 43,
  "fields": {
    "enrollment": 10,
    "lesson": 39,
    "status": "completed",
    "last_viewed_at": "2026-06-02T19:40:37.525Z",
    "completed_at": "2026-06-02T19:40:37.525Z"
  }
},
{
  "model": "curriculum.lessonprogress",
  "pk": 44,
  "fields": {
    "enrollment": 10,
    "lesson": 57,
    "status": "completed",
    "last_viewed_at": "2026-06-02T19:41:21.936Z",
    "completed_at": "2026-06-02T19:40:39.805Z"
  }
},
{
  "model": "curriculum.lessonprogress",
  "pk": 45,
  "fields": {
    "enrollment": 10,
    "lesson": 58,
    "status": "completed",
    "last_viewed_at": "2026-06-02T19:41:27.573Z",
    "completed_at": "2026-06-02T19:41:19.375Z"
  }
},
{
  "model": "curriculum.lessonprogress",
  "pk": 46,
  "fields": {
    "enrollment": 14,
    "lesson": 74,
    "status": "in_progress",
    "last_viewed_at": "2026-05-23T20:16:24.814Z",
    "completed_at": null
  }
},
{
  "model": "curriculum.lessonprogress",
  "pk": 47,
  "fields": {
    "enrollment": 14,
    "lesson": 75,
    "status": "in_progress",
    "last_viewed_at": "2026-05-23T19:50:00.964Z",
    "completed_at": null
  }
},
{
  "model": "curriculum.lessonprogress",
  "pk": 48,
  "fields": {
    "enrollment": 14,
    "lesson": 76,
    "status": "in_progress",
    "last_viewed_at": "2026-05-17T16:47:48.804Z",
    "completed_at": null
  }
},
{
  "model": "curriculum.lessonprogress",
  "pk": 49,
  "fields": {
    "enrollment": 14,
    "lesson": 77,
    "status": "in_progress",
    "last_viewed_at": "2026-05-17T16:47:49.757Z",
    "completed_at": null
  }
},
{
  "model": "curriculum.lessonprogress",
  "pk": 50,
  "fields": {
    "enrollment": 14,
    "lesson": 73,
    "status": "completed",
    "last_viewed_at": null,
    "completed_at": "2026-05-17T16:48:01.525Z"
  }
},
{
  "model": "curriculum.lessonprogress",
  "pk": 51,
  "fields": {
    "enrollment": 10,
    "lesson": 59,
    "status": "completed",
    "last_viewed_at": "2026-06-02T19:41:28.820Z",
    "completed_at": "2026-06-02T19:41:11.918Z"
  }
},
{
  "model": "curriculum.lessonprogress",
  "pk": 52,
  "fields": {
    "enrollment": 10,
    "lesson": 60,
    "status": "completed",
    "last_viewed_at": "2026-06-02T19:41:29.688Z",
    "completed_at": "2026-06-02T19:41:13.672Z"
  }
},
{
  "model": "curriculum.lessonprogress",
  "pk": 53,
  "fields": {
    "enrollment": 10,
    "lesson": 61,
    "status": "completed",
    "last_viewed_at": "2026-06-02T19:41:30.438Z",
    "completed_at": "2026-06-02T19:41:15.341Z"
  }
},
{
  "model": "curriculum.lessonprogress",
  "pk": 54,
  "fields": {
    "enrollment": 10,
    "lesson": 62,
    "status": "completed",
    "last_viewed_at": "2026-06-02T19:41:31.140Z",
    "completed_at": "2026-06-02T19:41:16.222Z"
  }
},
{
  "model": "curriculum.lessonprogress",
  "pk": 55,
  "fields": {
    "enrollment": 10,
    "lesson": 63,
    "status": "completed",
    "last_viewed_at": "2026-06-02T19:41:31.889Z",
    "completed_at": "2026-06-02T19:41:17.122Z"
  }
},
{
  "model": "curriculum.lessonprogress",
  "pk": 56,
  "fields": {
    "enrollment": 10,
    "lesson": 64,
    "status": "completed",
    "last_viewed_at": "2026-06-02T19:41:32.638Z",
    "completed_at": "2026-06-02T19:41:17.970Z"
  }
},
{
  "model": "curriculum.lessonprogress",
  "pk": 57,
  "fields": {
    "enrollment": 2,
    "lesson": 3,
    "status": "completed",
    "last_viewed_at": "2026-06-02T19:49:55.669Z",
    "completed_at": "2026-06-02T19:49:55.669Z"
  }
},
{
  "model": "assessments.quiz",
  "pk": 4,
  "fields": {
    "kind": "lesson_quiz",
    "title": "Quiz: First six letters",
    "description": "Recognize ا ب ت ث ج ح by sight.",
    "lesson": 4,
    "course": null,
    "pass_threshold": 70,
    "randomize_questions": false,
    "time_limit_minutes": null,
    "is_published": true,
    "created_at": "2026-05-04T16:12:32Z",
    "updated_at": "2026-05-04T16:12:32Z"
  }
},
{
  "model": "assessments.quiz",
  "pk": 5,
  "fields": {
    "kind": "lesson_quiz",
    "title": "Quiz: Family vocabulary",
    "description": "Test your knowledge of family words.",
    "lesson": 7,
    "course": null,
    "pass_threshold": 70,
    "randomize_questions": false,
    "time_limit_minutes": null,
    "is_published": true,
    "created_at": "2026-05-04T16:12:32Z",
    "updated_at": "2026-05-04T16:12:32Z"
  }
},
{
  "model": "assessments.quiz",
  "pk": 6,
  "fields": {
    "kind": "lesson_quiz",
    "title": "Quiz: Telling time",
    "description": "Practice with the half hour and quarter hour.",
    "lesson": 20,
    "course": null,
    "pass_threshold": 70,
    "randomize_questions": false,
    "time_limit_minutes": null,
    "is_published": true,
    "created_at": "2026-05-04T16:12:32Z",
    "updated_at": "2026-05-04T16:12:32Z"
  }
},
{
  "model": "assessments.quiz",
  "pk": 7,
  "fields": {
    "kind": "lesson_quiz",
    "title": "Quiz: Conditionals with لو",
    "description": "Spot the right conditional.",
    "lesson": 34,
    "course": null,
    "pass_threshold": 80,
    "randomize_questions": false,
    "time_limit_minutes": 10,
    "is_published": true,
    "created_at": "2026-05-04T16:12:33Z",
    "updated_at": "2026-05-04T16:12:33Z"
  }
},
{
  "model": "assessments.quiz",
  "pk": 8,
  "fields": {
    "kind": "course_final",
    "title": "Alphabet & Sounds — Final",
    "description": "Comprehensive check on letters, dots, vowels, and connecting rules.",
    "lesson": null,
    "course": 3,
    "pass_threshold": 75,
    "randomize_questions": true,
    "time_limit_minutes": 20,
    "is_published": true,
    "created_at": "2026-05-04T16:12:33Z",
    "updated_at": "2026-05-04T16:12:33Z"
  }
},
{
  "model": "assessments.quiz",
  "pk": 9,
  "fields": {
    "kind": "course_final",
    "title": "Numbers & Time — Final",
    "description": "Numbers, time, dates — everything from this course.",
    "lesson": null,
    "course": 7,
    "pass_threshold": 70,
    "randomize_questions": false,
    "time_limit_minutes": 15,
    "is_published": true,
    "created_at": "2026-05-04T16:12:33Z",
    "updated_at": "2026-05-04T16:12:33Z"
  }
},
{
  "model": "assessments.quiz",
  "pk": 10,
  "fields": {
    "kind": "placement",
    "title": "Bayt al-Hikma placement test",
    "description": "Find your starting level. 6 quick questions ranging A1 to C1.",
    "lesson": null,
    "course": null,
    "pass_threshold": 0,
    "randomize_questions": false,
    "time_limit_minutes": 15,
    "is_published": true,
    "created_at": "2026-05-05T11:19:20Z",
    "updated_at": "2026-05-05T11:19:20Z"
  }
},
{
  "model": "assessments.quiz",
  "pk": 11,
  "fields": {
    "kind": "placement",
    "title": "Bayt al-Hikma placement test",
    "description": "Find your starting level. 6 quick questions ranging A1 to C1.",
    "lesson": null,
    "course": null,
    "pass_threshold": 0,
    "randomize_questions": false,
    "time_limit_minutes": 15,
    "is_published": true,
    "created_at": "2026-05-05T11:19:29Z",
    "updated_at": "2026-05-05T11:19:29Z"
  }
},
{
  "model": "assessments.quiz",
  "pk": 12,
  "fields": {
    "kind": "lesson_quiz",
    "title": "Lesson 1 quiz",
    "description": "",
    "lesson": 73,
    "course": null,
    "pass_threshold": 70,
    "randomize_questions": true,
    "time_limit_minutes": 15,
    "is_published": true,
    "created_at": "2026-05-14T20:58:17.831Z",
    "updated_at": "2026-05-14T20:58:17.831Z"
  }
},
{
  "model": "assessments.question",
  "pk": 16,
  "fields": {
    "quiz": 4,
    "order": 1,
    "text": "Which of these letters has TWO dots?",
    "kind": "mcq",
    "points": 1,
    "explanation": "ت has two dots above; ث has three."
  }
},
{
  "model": "assessments.question",
  "pk": 17,
  "fields": {
    "quiz": 4,
    "order": 2,
    "text": "Which letter has a dot BELOW it?",
    "kind": "mcq",
    "points": 1,
    "explanation": "ب has one dot below."
  }
},
{
  "model": "assessments.question",
  "pk": 18,
  "fields": {
    "quiz": 5,
    "order": 1,
    "text": "What does \"أم\" mean?",
    "kind": "mcq",
    "points": 1,
    "explanation": "أم means \"mother\"."
  }
},
{
  "model": "assessments.question",
  "pk": 19,
  "fields": {
    "quiz": 5,
    "order": 2,
    "text": "How do you say \"brother\" in Arabic?",
    "kind": "mcq",
    "points": 1,
    "explanation": "أخ."
  }
},
{
  "model": "assessments.question",
  "pk": 20,
  "fields": {
    "quiz": 6,
    "order": 1,
    "text": "How do you say \"It's 3:30\" in Arabic?",
    "kind": "mcq",
    "points": 1,
    "explanation": "الساعة الثالثة والنصف."
  }
},
{
  "model": "assessments.question",
  "pk": 21,
  "fields": {
    "quiz": 7,
    "order": 1,
    "text": "Which conditional is for unreal or hypothetical situations?",
    "kind": "mcq",
    "points": 1,
    "explanation": "لو is used for unreal conditions."
  }
},
{
  "model": "assessments.question",
  "pk": 22,
  "fields": {
    "quiz": 8,
    "order": 1,
    "text": "How many letters are in the Arabic alphabet?",
    "kind": "mcq",
    "points": 1,
    "explanation": "28 letters."
  }
},
{
  "model": "assessments.question",
  "pk": 23,
  "fields": {
    "quiz": 8,
    "order": 2,
    "text": "Which short vowel sounds like \"u\" / \"oo\"?",
    "kind": "mcq",
    "points": 1,
    "explanation": "Damma (ـُ)."
  }
},
{
  "model": "assessments.question",
  "pk": 24,
  "fields": {
    "quiz": 8,
    "order": 3,
    "text": "Which letters NEVER connect to the next letter? (Select all that apply.)",
    "kind": "multi_select",
    "points": 2,
    "explanation": "ا د ذ ر ز و — six \"non-connectors\"."
  }
},
{
  "model": "assessments.question",
  "pk": 25,
  "fields": {
    "quiz": 9,
    "order": 1,
    "text": "What is \"fifty\" in Arabic?",
    "kind": "mcq",
    "points": 1,
    "explanation": "خمسون / خمسين."
  }
},
{
  "model": "assessments.question",
  "pk": 26,
  "fields": {
    "quiz": 9,
    "order": 2,
    "text": "How do you say \"Sunday\"?",
    "kind": "mcq",
    "points": 1,
    "explanation": "الأحد."
  }
},
{
  "model": "assessments.question",
  "pk": 27,
  "fields": {
    "quiz": 10,
    "order": 1,
    "text": "A1 — How do you say \"Hello\" in Arabic?",
    "kind": "mcq",
    "points": 1,
    "explanation": "مرحبا is the most common informal greeting."
  }
},
{
  "model": "assessments.question",
  "pk": 28,
  "fields": {
    "quiz": 10,
    "order": 2,
    "text": "A2 — Pick the correct article: ___ كتاب  (the book)",
    "kind": "mcq",
    "points": 1,
    "explanation": "الـ is the definite article."
  }
},
{
  "model": "assessments.question",
  "pk": 29,
  "fields": {
    "quiz": 10,
    "order": 3,
    "text": "B1 — Which is a sound masculine plural?",
    "kind": "mcq",
    "points": 1,
    "explanation": "مدرسون is a sound masculine plural."
  }
},
{
  "model": "assessments.question",
  "pk": 30,
  "fields": {
    "quiz": 10,
    "order": 4,
    "text": "B1 — Which of these are personal pronouns? (Select all that apply.)",
    "kind": "multi_select",
    "points": 1,
    "explanation": "هو, هي, نحن are pronouns."
  }
},
{
  "model": "assessments.question",
  "pk": 31,
  "fields": {
    "quiz": 10,
    "order": 5,
    "text": "B2 — Verb form II (فعّل) typically expresses...",
    "kind": "mcq",
    "points": 1,
    "explanation": "Form II commonly adds intensity or causation."
  }
},
{
  "model": "assessments.question",
  "pk": 33,
  "fields": {
    "quiz": 11,
    "order": 1,
    "text": "A1 — How do you say \"Hello\" in Arabic?",
    "kind": "mcq",
    "points": 1,
    "explanation": "مرحبا is the most common informal greeting."
  }
},
{
  "model": "assessments.question",
  "pk": 34,
  "fields": {
    "quiz": 11,
    "order": 2,
    "text": "A2 — Pick the correct article: ___ كتاب  (the book)",
    "kind": "mcq",
    "points": 1,
    "explanation": "الـ is the definite article."
  }
},
{
  "model": "assessments.question",
  "pk": 35,
  "fields": {
    "quiz": 11,
    "order": 3,
    "text": "B1 — Which is a sound masculine plural?",
    "kind": "mcq",
    "points": 1,
    "explanation": "مدرسون is a sound masculine plural."
  }
},
{
  "model": "assessments.question",
  "pk": 36,
  "fields": {
    "quiz": 11,
    "order": 4,
    "text": "B1 — Which of these are personal pronouns? (Select all that apply.)",
    "kind": "multi_select",
    "points": 1,
    "explanation": "هو, هي, نحن are pronouns."
  }
},
{
  "model": "assessments.question",
  "pk": 37,
  "fields": {
    "quiz": 11,
    "order": 5,
    "text": "B2 — Verb form II (فعّل) typically expresses...",
    "kind": "mcq",
    "points": 1,
    "explanation": "Form II commonly adds intensity or causation."
  }
},
{
  "model": "assessments.question",
  "pk": 39,
  "fields": {
    "quiz": 12,
    "order": 1,
    "text": "Question",
    "kind": "mcq",
    "points": 1,
    "explanation": ""
  }
},
{
  "model": "assessments.choice",
  "pk": 41,
  "fields": {
    "question": 16,
    "order": 1,
    "text": "ا",
    "is_correct": false
  }
},
{
  "model": "assessments.choice",
  "pk": 42,
  "fields": {
    "question": 16,
    "order": 2,
    "text": "ب",
    "is_correct": false
  }
},
{
  "model": "assessments.choice",
  "pk": 43,
  "fields": {
    "question": 16,
    "order": 3,
    "text": "ت",
    "is_correct": true
  }
},
{
  "model": "assessments.choice",
  "pk": 44,
  "fields": {
    "question": 16,
    "order": 4,
    "text": "ث",
    "is_correct": false
  }
},
{
  "model": "assessments.choice",
  "pk": 45,
  "fields": {
    "question": 17,
    "order": 1,
    "text": "ج",
    "is_correct": false
  }
},
{
  "model": "assessments.choice",
  "pk": 46,
  "fields": {
    "question": 17,
    "order": 2,
    "text": "ب",
    "is_correct": true
  }
},
{
  "model": "assessments.choice",
  "pk": 47,
  "fields": {
    "question": 17,
    "order": 3,
    "text": "ث",
    "is_correct": false
  }
},
{
  "model": "assessments.choice",
  "pk": 48,
  "fields": {
    "question": 17,
    "order": 4,
    "text": "ح",
    "is_correct": false
  }
},
{
  "model": "assessments.choice",
  "pk": 49,
  "fields": {
    "question": 18,
    "order": 1,
    "text": "Father",
    "is_correct": false
  }
},
{
  "model": "assessments.choice",
  "pk": 50,
  "fields": {
    "question": 18,
    "order": 2,
    "text": "Mother",
    "is_correct": true
  }
},
{
  "model": "assessments.choice",
  "pk": 51,
  "fields": {
    "question": 18,
    "order": 3,
    "text": "Sister",
    "is_correct": false
  }
},
{
  "model": "assessments.choice",
  "pk": 52,
  "fields": {
    "question": 18,
    "order": 4,
    "text": "Brother",
    "is_correct": false
  }
},
{
  "model": "assessments.choice",
  "pk": 53,
  "fields": {
    "question": 19,
    "order": 1,
    "text": "أخت",
    "is_correct": false
  }
},
{
  "model": "assessments.choice",
  "pk": 54,
  "fields": {
    "question": 19,
    "order": 2,
    "text": "أخ",
    "is_correct": true
  }
},
{
  "model": "assessments.choice",
  "pk": 55,
  "fields": {
    "question": 19,
    "order": 3,
    "text": "أب",
    "is_correct": false
  }
},
{
  "model": "assessments.choice",
  "pk": 56,
  "fields": {
    "question": 20,
    "order": 1,
    "text": "الساعة الثالثة والنصف",
    "is_correct": true
  }
},
{
  "model": "assessments.choice",
  "pk": 57,
  "fields": {
    "question": 20,
    "order": 2,
    "text": "الساعة الثالثة والربع",
    "is_correct": false
  }
},
{
  "model": "assessments.choice",
  "pk": 58,
  "fields": {
    "question": 20,
    "order": 3,
    "text": "الساعة الثالثة وعشر دقائق",
    "is_correct": false
  }
},
{
  "model": "assessments.choice",
  "pk": 59,
  "fields": {
    "question": 21,
    "order": 1,
    "text": "إذا",
    "is_correct": false
  }
},
{
  "model": "assessments.choice",
  "pk": 60,
  "fields": {
    "question": 21,
    "order": 2,
    "text": "لو",
    "is_correct": true
  }
},
{
  "model": "assessments.choice",
  "pk": 61,
  "fields": {
    "question": 21,
    "order": 3,
    "text": "إن",
    "is_correct": false
  }
},
{
  "model": "assessments.choice",
  "pk": 62,
  "fields": {
    "question": 22,
    "order": 1,
    "text": "26",
    "is_correct": false
  }
},
{
  "model": "assessments.choice",
  "pk": 63,
  "fields": {
    "question": 22,
    "order": 2,
    "text": "28",
    "is_correct": true
  }
},
{
  "model": "assessments.choice",
  "pk": 64,
  "fields": {
    "question": 22,
    "order": 3,
    "text": "30",
    "is_correct": false
  }
},
{
  "model": "assessments.choice",
  "pk": 65,
  "fields": {
    "question": 23,
    "order": 1,
    "text": "Fatha",
    "is_correct": false
  }
},
{
  "model": "assessments.choice",
  "pk": 66,
  "fields": {
    "question": 23,
    "order": 2,
    "text": "Kasra",
    "is_correct": false
  }
},
{
  "model": "assessments.choice",
  "pk": 67,
  "fields": {
    "question": 23,
    "order": 3,
    "text": "Damma",
    "is_correct": true
  }
},
{
  "model": "assessments.choice",
  "pk": 68,
  "fields": {
    "question": 24,
    "order": 1,
    "text": "ا",
    "is_correct": true
  }
},
{
  "model": "assessments.choice",
  "pk": 69,
  "fields": {
    "question": 24,
    "order": 2,
    "text": "د",
    "is_correct": true
  }
},
{
  "model": "assessments.choice",
  "pk": 70,
  "fields": {
    "question": 24,
    "order": 3,
    "text": "ب",
    "is_correct": false
  }
},
{
  "model": "assessments.choice",
  "pk": 71,
  "fields": {
    "question": 24,
    "order": 4,
    "text": "ر",
    "is_correct": true
  }
},
{
  "model": "assessments.choice",
  "pk": 72,
  "fields": {
    "question": 24,
    "order": 5,
    "text": "ز",
    "is_correct": true
  }
},
{
  "model": "assessments.choice",
  "pk": 73,
  "fields": {
    "question": 25,
    "order": 1,
    "text": "أربعون",
    "is_correct": false
  }
},
{
  "model": "assessments.choice",
  "pk": 74,
  "fields": {
    "question": 25,
    "order": 2,
    "text": "خمسون",
    "is_correct": true
  }
},
{
  "model": "assessments.choice",
  "pk": 75,
  "fields": {
    "question": 25,
    "order": 3,
    "text": "ستون",
    "is_correct": false
  }
},
{
  "model": "assessments.choice",
  "pk": 76,
  "fields": {
    "question": 26,
    "order": 1,
    "text": "الاثنين",
    "is_correct": false
  }
},
{
  "model": "assessments.choice",
  "pk": 77,
  "fields": {
    "question": 26,
    "order": 2,
    "text": "الأحد",
    "is_correct": true
  }
},
{
  "model": "assessments.choice",
  "pk": 78,
  "fields": {
    "question": 26,
    "order": 3,
    "text": "الجمعة",
    "is_correct": false
  }
},
{
  "model": "assessments.choice",
  "pk": 79,
  "fields": {
    "question": 27,
    "order": 1,
    "text": "مرحبا",
    "is_correct": true
  }
},
{
  "model": "assessments.choice",
  "pk": 80,
  "fields": {
    "question": 27,
    "order": 2,
    "text": "شكرا",
    "is_correct": false
  }
},
{
  "model": "assessments.choice",
  "pk": 81,
  "fields": {
    "question": 27,
    "order": 3,
    "text": "وداعا",
    "is_correct": false
  }
},
{
  "model": "assessments.choice",
  "pk": 82,
  "fields": {
    "question": 28,
    "order": 1,
    "text": "الـ",
    "is_correct": true
  }
},
{
  "model": "assessments.choice",
  "pk": 83,
  "fields": {
    "question": 28,
    "order": 2,
    "text": "في",
    "is_correct": false
  }
},
{
  "model": "assessments.choice",
  "pk": 84,
  "fields": {
    "question": 28,
    "order": 3,
    "text": "مع",
    "is_correct": false
  }
},
{
  "model": "assessments.choice",
  "pk": 85,
  "fields": {
    "question": 29,
    "order": 1,
    "text": "مدرسون",
    "is_correct": true
  }
},
{
  "model": "assessments.choice",
  "pk": 86,
  "fields": {
    "question": 29,
    "order": 2,
    "text": "كتاب",
    "is_correct": false
  }
},
{
  "model": "assessments.choice",
  "pk": 87,
  "fields": {
    "question": 29,
    "order": 3,
    "text": "بيت",
    "is_correct": false
  }
},
{
  "model": "assessments.choice",
  "pk": 88,
  "fields": {
    "question": 30,
    "order": 1,
    "text": "هو",
    "is_correct": true
  }
},
{
  "model": "assessments.choice",
  "pk": 89,
  "fields": {
    "question": 30,
    "order": 2,
    "text": "هي",
    "is_correct": true
  }
},
{
  "model": "assessments.choice",
  "pk": 90,
  "fields": {
    "question": 30,
    "order": 3,
    "text": "نحن",
    "is_correct": true
  }
},
{
  "model": "assessments.choice",
  "pk": 91,
  "fields": {
    "question": 30,
    "order": 4,
    "text": "بيت",
    "is_correct": false
  }
},
{
  "model": "assessments.choice",
  "pk": 92,
  "fields": {
    "question": 31,
    "order": 1,
    "text": "Causation or intensity",
    "is_correct": true
  }
},
{
  "model": "assessments.choice",
  "pk": 93,
  "fields": {
    "question": 31,
    "order": 2,
    "text": "Reciprocal action",
    "is_correct": false
  }
},
{
  "model": "assessments.choice",
  "pk": 94,
  "fields": {
    "question": 31,
    "order": 3,
    "text": "Passive voice",
    "is_correct": false
  }
},
{
  "model": "assessments.choice",
  "pk": 95,
  "fields": {
    "question": 33,
    "order": 1,
    "text": "مرحبا",
    "is_correct": true
  }
},
{
  "model": "assessments.choice",
  "pk": 96,
  "fields": {
    "question": 33,
    "order": 2,
    "text": "شكرا",
    "is_correct": false
  }
},
{
  "model": "assessments.choice",
  "pk": 97,
  "fields": {
    "question": 33,
    "order": 3,
    "text": "وداعا",
    "is_correct": false
  }
},
{
  "model": "assessments.choice",
  "pk": 98,
  "fields": {
    "question": 34,
    "order": 1,
    "text": "الـ",
    "is_correct": true
  }
},
{
  "model": "assessments.choice",
  "pk": 99,
  "fields": {
    "question": 34,
    "order": 2,
    "text": "في",
    "is_correct": false
  }
},
{
  "model": "assessments.choice",
  "pk": 100,
  "fields": {
    "question": 34,
    "order": 3,
    "text": "مع",
    "is_correct": false
  }
},
{
  "model": "assessments.choice",
  "pk": 101,
  "fields": {
    "question": 35,
    "order": 1,
    "text": "مدرسون",
    "is_correct": true
  }
},
{
  "model": "assessments.choice",
  "pk": 102,
  "fields": {
    "question": 35,
    "order": 2,
    "text": "كتاب",
    "is_correct": false
  }
},
{
  "model": "assessments.choice",
  "pk": 103,
  "fields": {
    "question": 35,
    "order": 3,
    "text": "بيت",
    "is_correct": false
  }
},
{
  "model": "assessments.choice",
  "pk": 104,
  "fields": {
    "question": 36,
    "order": 1,
    "text": "هو",
    "is_correct": true
  }
},
{
  "model": "assessments.choice",
  "pk": 105,
  "fields": {
    "question": 36,
    "order": 2,
    "text": "هي",
    "is_correct": true
  }
},
{
  "model": "assessments.choice",
  "pk": 106,
  "fields": {
    "question": 36,
    "order": 3,
    "text": "نحن",
    "is_correct": true
  }
},
{
  "model": "assessments.choice",
  "pk": 107,
  "fields": {
    "question": 36,
    "order": 4,
    "text": "بيت",
    "is_correct": false
  }
},
{
  "model": "assessments.choice",
  "pk": 108,
  "fields": {
    "question": 37,
    "order": 1,
    "text": "Causation or intensity",
    "is_correct": true
  }
},
{
  "model": "assessments.choice",
  "pk": 109,
  "fields": {
    "question": 37,
    "order": 2,
    "text": "Reciprocal action",
    "is_correct": false
  }
},
{
  "model": "assessments.choice",
  "pk": 110,
  "fields": {
    "question": 37,
    "order": 3,
    "text": "Passive voice",
    "is_correct": false
  }
},
{
  "model": "assessments.choice",
  "pk": 111,
  "fields": {
    "question": 39,
    "order": 1,
    "text": "choice 1",
    "is_correct": true
  }
},
{
  "model": "assessments.choice",
  "pk": 112,
  "fields": {
    "question": 39,
    "order": 2,
    "text": "choice 2",
    "is_correct": false
  }
},
{
  "model": "assessments.choice",
  "pk": 113,
  "fields": {
    "question": 39,
    "order": 3,
    "text": "choice 3",
    "is_correct": false
  }
},
{
  "model": "assessments.choice",
  "pk": 114,
  "fields": {
    "question": 39,
    "order": 4,
    "text": "choice 4",
    "is_correct": false
  }
},
{
  "model": "assessments.submission",
  "pk": 4,
  "fields": {
    "quiz": 8,
    "student": 1,
    "status": "graded",
    "started_at": "2026-05-04T20:15:29.870Z",
    "submitted_at": "2026-05-04T20:16:14.164Z",
    "graded_at": "2026-05-04T20:16:14.185Z",
    "score": 100,
    "passed": true
  }
},
{
  "model": "assessments.submission",
  "pk": 5,
  "fields": {
    "quiz": 5,
    "student": 1,
    "status": "graded",
    "started_at": "2026-05-04T20:16:56.903Z",
    "submitted_at": "2026-05-04T20:17:05.128Z",
    "graded_at": "2026-05-04T20:17:05.144Z",
    "score": 100,
    "passed": true
  }
},
{
  "model": "assessments.submission",
  "pk": 6,
  "fields": {
    "quiz": 7,
    "student": 1,
    "status": "graded",
    "started_at": "2026-05-04T20:18:02.472Z",
    "submitted_at": "2026-05-04T20:18:17.164Z",
    "graded_at": "2026-05-04T20:18:17.176Z",
    "score": 100,
    "passed": true
  }
},
{
  "model": "assessments.submission",
  "pk": 7,
  "fields": {
    "quiz": 11,
    "student": 3,
    "status": "submitted",
    "started_at": "2026-05-05T15:19:54.401Z",
    "submitted_at": "2026-05-05T15:22:05.664Z",
    "graded_at": null,
    "score": 71,
    "passed": true
  }
},
{
  "model": "assessments.submission",
  "pk": 8,
  "fields": {
    "quiz": 11,
    "student": 3,
    "status": "graded",
    "started_at": "2026-05-05T15:31:04.613Z",
    "submitted_at": "2026-05-05T15:31:28.954Z",
    "graded_at": "2026-05-05T15:31:28.982Z",
    "score": 80,
    "passed": true
  }
},
{
  "model": "assessments.submission",
  "pk": 9,
  "fields": {
    "quiz": 4,
    "student": 3,
    "status": "graded",
    "started_at": "2026-05-08T17:13:26.905Z",
    "submitted_at": "2026-05-08T17:13:49.103Z",
    "graded_at": "2026-05-08T17:13:49.125Z",
    "score": 100,
    "passed": true
  }
},
{
  "model": "assessments.submission",
  "pk": 10,
  "fields": {
    "quiz": 12,
    "student": 1,
    "status": "graded",
    "started_at": "2026-05-17T16:47:56.425Z",
    "submitted_at": "2026-05-17T16:48:01.501Z",
    "graded_at": "2026-05-17T16:48:01.521Z",
    "score": 100,
    "passed": true
  }
},
{
  "model": "assessments.submission",
  "pk": 11,
  "fields": {
    "quiz": 12,
    "student": 1,
    "status": "in_progress",
    "started_at": "2026-05-23T19:50:11.981Z",
    "submitted_at": null,
    "graded_at": null,
    "score": null,
    "passed": null
  }
},
{
  "model": "assessments.answer",
  "pk": 13,
  "fields": {
    "submission": 4,
    "question": 22,
    "text_answer": "",
    "is_correct": true,
    "points_awarded": 1,
    "answered_at": "2026-05-04T20:15:34.045Z",
    "selected_choices": [
      63
    ]
  }
},
{
  "model": "assessments.answer",
  "pk": 14,
  "fields": {
    "submission": 4,
    "question": 23,
    "text_answer": "",
    "is_correct": true,
    "points_awarded": 1,
    "answered_at": "2026-05-04T20:15:43.361Z",
    "selected_choices": [
      67
    ]
  }
},
{
  "model": "assessments.answer",
  "pk": 15,
  "fields": {
    "submission": 4,
    "question": 24,
    "text_answer": "",
    "is_correct": true,
    "points_awarded": 2,
    "answered_at": "2026-05-04T20:16:14.163Z",
    "selected_choices": [
      68,
      69,
      71,
      72
    ]
  }
},
{
  "model": "assessments.answer",
  "pk": 16,
  "fields": {
    "submission": 5,
    "question": 18,
    "text_answer": "",
    "is_correct": true,
    "points_awarded": 1,
    "answered_at": "2026-05-04T20:17:01.177Z",
    "selected_choices": [
      50
    ]
  }
},
{
  "model": "assessments.answer",
  "pk": 17,
  "fields": {
    "submission": 5,
    "question": 19,
    "text_answer": "",
    "is_correct": true,
    "points_awarded": 1,
    "answered_at": "2026-05-04T20:17:05.128Z",
    "selected_choices": [
      54
    ]
  }
},
{
  "model": "assessments.answer",
  "pk": 18,
  "fields": {
    "submission": 6,
    "question": 21,
    "text_answer": "",
    "is_correct": true,
    "points_awarded": 1,
    "answered_at": "2026-05-04T20:18:17.163Z",
    "selected_choices": [
      60
    ]
  }
},
{
  "model": "assessments.answer",
  "pk": 19,
  "fields": {
    "submission": 7,
    "question": 33,
    "text_answer": "",
    "is_correct": true,
    "points_awarded": 1,
    "answered_at": "2026-05-05T15:19:59.445Z",
    "selected_choices": [
      95
    ]
  }
},
{
  "model": "assessments.answer",
  "pk": 20,
  "fields": {
    "submission": 7,
    "question": 34,
    "text_answer": "",
    "is_correct": true,
    "points_awarded": 1,
    "answered_at": "2026-05-05T15:20:08.924Z",
    "selected_choices": [
      98
    ]
  }
},
{
  "model": "assessments.answer",
  "pk": 21,
  "fields": {
    "submission": 7,
    "question": 35,
    "text_answer": "",
    "is_correct": true,
    "points_awarded": 1,
    "answered_at": "2026-05-05T15:20:18.339Z",
    "selected_choices": [
      101
    ]
  }
},
{
  "model": "assessments.answer",
  "pk": 22,
  "fields": {
    "submission": 7,
    "question": 36,
    "text_answer": "",
    "is_correct": true,
    "points_awarded": 1,
    "answered_at": "2026-05-05T15:20:47.282Z",
    "selected_choices": [
      104,
      105,
      106
    ]
  }
},
{
  "model": "assessments.answer",
  "pk": 23,
  "fields": {
    "submission": 7,
    "question": 37,
    "text_answer": "",
    "is_correct": true,
    "points_awarded": 1,
    "answered_at": "2026-05-05T15:21:00.779Z",
    "selected_choices": [
      108
    ]
  }
},
{
  "model": "assessments.answer",
  "pk": 25,
  "fields": {
    "submission": 8,
    "question": 33,
    "text_answer": "",
    "is_correct": true,
    "points_awarded": 1,
    "answered_at": "2026-05-05T15:31:07.055Z",
    "selected_choices": [
      95
    ]
  }
},
{
  "model": "assessments.answer",
  "pk": 26,
  "fields": {
    "submission": 8,
    "question": 34,
    "text_answer": "",
    "is_correct": true,
    "points_awarded": 1,
    "answered_at": "2026-05-05T15:31:10.387Z",
    "selected_choices": [
      98
    ]
  }
},
{
  "model": "assessments.answer",
  "pk": 27,
  "fields": {
    "submission": 8,
    "question": 35,
    "text_answer": "",
    "is_correct": true,
    "points_awarded": 1,
    "answered_at": "2026-05-05T15:31:14.502Z",
    "selected_choices": [
      101
    ]
  }
},
{
  "model": "assessments.answer",
  "pk": 28,
  "fields": {
    "submission": 8,
    "question": 36,
    "text_answer": "",
    "is_correct": false,
    "points_awarded": 0,
    "answered_at": "2026-05-05T15:31:25.522Z",
    "selected_choices": [
      106
    ]
  }
},
{
  "model": "assessments.answer",
  "pk": 29,
  "fields": {
    "submission": 8,
    "question": 37,
    "text_answer": "",
    "is_correct": true,
    "points_awarded": 1,
    "answered_at": "2026-05-05T15:31:28.952Z",
    "selected_choices": [
      108
    ]
  }
},
{
  "model": "assessments.answer",
  "pk": 30,
  "fields": {
    "submission": 9,
    "question": 16,
    "text_answer": "",
    "is_correct": true,
    "points_awarded": 1,
    "answered_at": "2026-05-08T17:13:33.318Z",
    "selected_choices": [
      43
    ]
  }
},
{
  "model": "assessments.answer",
  "pk": 31,
  "fields": {
    "submission": 9,
    "question": 17,
    "text_answer": "",
    "is_correct": true,
    "points_awarded": 1,
    "answered_at": "2026-05-08T17:13:49.100Z",
    "selected_choices": [
      46
    ]
  }
},
{
  "model": "assessments.answer",
  "pk": 32,
  "fields": {
    "submission": 10,
    "question": 39,
    "text_answer": "",
    "is_correct": true,
    "points_awarded": 1,
    "answered_at": "2026-05-17T16:48:01.499Z",
    "selected_choices": [
      111
    ]
  }
},
{
  "model": "flashcards.flashcarddeck",
  "pk": 1,
  "fields": {
    "lesson": 7,
    "title": "Family — first 8 words",
    "description": "Quick recall practice for the core family-relationship words.",
    "is_published": true,
    "created_at": "2026-05-09T21:57:05Z",
    "updated_at": "2026-05-09T21:57:05Z"
  }
},
{
  "model": "flashcards.flashcarddeck",
  "pk": 2,
  "fields": {
    "lesson": 12,
    "title": "Common greetings",
    "description": "Hello, goodbye, please, thank you — the words you'll use every day.",
    "is_published": true,
    "created_at": "2026-05-09T21:57:05Z",
    "updated_at": "2026-05-09T21:57:05Z"
  }
},
{
  "model": "flashcards.flashcarddeck",
  "pk": 3,
  "fields": {
    "lesson": 7,
    "title": "Family — first 8 words",
    "description": "Quick recall practice for the core family-relationship words.",
    "is_published": true,
    "created_at": "2026-05-09T21:57:16Z",
    "updated_at": "2026-05-09T21:57:16Z"
  }
},
{
  "model": "flashcards.flashcarddeck",
  "pk": 4,
  "fields": {
    "lesson": 12,
    "title": "Common greetings",
    "description": "Hello, goodbye, please, thank you — the words you'll use every day.",
    "is_published": true,
    "created_at": "2026-05-09T21:57:16Z",
    "updated_at": "2026-05-09T21:57:16Z"
  }
},
{
  "model": "flashcards.flashcarddeck",
  "pk": 5,
  "fields": {
    "lesson": 8,
    "title": "House & rooms",
    "description": "Walk around the home in Arabic — eight everyday words.",
    "is_published": true,
    "created_at": "2026-05-11T14:05:35Z",
    "updated_at": "2026-05-11T14:05:35Z"
  }
},
{
  "model": "flashcards.flashcarddeck",
  "pk": 6,
  "fields": {
    "lesson": 9,
    "title": "Food & drink basics",
    "description": "The eight words you'll use most at a meal.",
    "is_published": true,
    "created_at": "2026-05-11T14:05:36Z",
    "updated_at": "2026-05-11T14:05:36Z"
  }
},
{
  "model": "flashcards.flashcarddeck",
  "pk": 7,
  "fields": {
    "lesson": 10,
    "title": "Numbers 1 to 8",
    "description": "Counting from one to eight.",
    "is_published": true,
    "created_at": "2026-05-11T14:05:36Z",
    "updated_at": "2026-05-11T14:05:36Z"
  }
},
{
  "model": "flashcards.flashcarddeck",
  "pk": 8,
  "fields": {
    "lesson": 11,
    "title": "Days of the week",
    "description": "Seven days. Note that the Arabic week starts on Sunday.",
    "is_published": true,
    "created_at": "2026-05-11T14:05:36Z",
    "updated_at": "2026-05-11T14:05:36Z"
  }
},
{
  "model": "flashcards.flashcarddeck",
  "pk": 9,
  "fields": {
    "lesson": 20,
    "title": "Time expressions",
    "description": "Useful phrases for telling and asking the time.",
    "is_published": true,
    "created_at": "2026-05-11T14:05:36Z",
    "updated_at": "2026-05-11T14:05:36Z"
  }
},
{
  "model": "flashcards.flashcarddeck",
  "pk": 10,
  "fields": {
    "lesson": 16,
    "title": "Daily routine verbs",
    "description": "Eight everyday verbs in the first-person present.",
    "is_published": true,
    "created_at": "2026-05-11T14:05:36Z",
    "updated_at": "2026-05-11T14:05:36Z"
  }
},
{
  "model": "flashcards.flashcarddeck",
  "pk": 11,
  "fields": {
    "lesson": 23,
    "title": "Pets I might have",
    "description": "Six pets you'd find around the house.",
    "is_published": true,
    "created_at": "2026-05-11T14:05:36Z",
    "updated_at": "2026-05-11T14:05:36Z"
  }
},
{
  "model": "flashcards.flashcarddeck",
  "pk": 12,
  "fields": {
    "lesson": 24,
    "title": "On the farm",
    "description": "Eight animals you might meet on a farm.",
    "is_published": true,
    "created_at": "2026-05-11T14:05:36Z",
    "updated_at": "2026-05-11T14:05:36Z"
  }
},
{
  "model": "flashcards.flashcarddeck",
  "pk": 13,
  "fields": {
    "lesson": 26,
    "title": "Colors",
    "description": "Seven rainbow colors plus black and white.",
    "is_published": true,
    "created_at": "2026-05-11T14:05:36Z",
    "updated_at": "2026-05-11T14:05:36Z"
  }
},
{
  "model": "flashcards.flashcarddeck",
  "pk": 14,
  "fields": {
    "lesson": 36,
    "title": "Greetings & Expressions",
    "description": "Essential phrases for everyday Arabic conversations — how to say hello, goodbye, and polite expressions.",
    "is_published": true,
    "created_at": "2026-05-16T18:34:45.480Z",
    "updated_at": "2026-05-16T18:34:45.480Z"
  }
},
{
  "model": "flashcards.flashcarddeck",
  "pk": 15,
  "fields": {
    "lesson": 37,
    "title": "Numbers 0–20",
    "description": "Cardinal numbers from zero to twenty. Master these to count, give your phone number, and tell the time.",
    "is_published": true,
    "created_at": "2026-05-16T18:34:45.658Z",
    "updated_at": "2026-05-16T18:34:45.658Z"
  }
},
{
  "model": "flashcards.flashcarddeck",
  "pk": 16,
  "fields": {
    "lesson": 38,
    "title": "Colours",
    "description": "Arabic colour adjectives. Note: adjectives agree in gender with the noun they describe.",
    "is_published": true,
    "created_at": "2026-05-16T18:34:45.757Z",
    "updated_at": "2026-05-16T18:34:45.757Z"
  }
},
{
  "model": "flashcards.flashcarddeck",
  "pk": 17,
  "fields": {
    "lesson": 39,
    "title": "Family Members",
    "description": "Vocabulary for family relationships. Arabic distinguishes maternal vs paternal relatives — pay attention!",
    "is_published": true,
    "created_at": "2026-05-16T18:34:45.806Z",
    "updated_at": "2026-05-16T18:34:45.806Z"
  }
},
{
  "model": "flashcards.flashcarddeck",
  "pk": 18,
  "fields": {
    "lesson": 57,
    "title": "Days of the Week & Months",
    "description": "All seven days and twelve Gregorian months in Modern Standard Arabic.",
    "is_published": true,
    "created_at": "2026-05-16T18:34:45.861Z",
    "updated_at": "2026-05-16T18:34:45.861Z"
  }
},
{
  "model": "flashcards.flashcarddeck",
  "pk": 19,
  "fields": {
    "lesson": 3,
    "title": "Greetings & Expressions",
    "description": "Essential phrases for everyday Arabic conversations — how to say hello, goodbye, and polite expressions.",
    "is_published": true,
    "created_at": "2026-05-16T14:43:21Z",
    "updated_at": "2026-05-16T14:43:21Z"
  }
},
{
  "model": "flashcards.flashcarddeck",
  "pk": 20,
  "fields": {
    "lesson": 4,
    "title": "Numbers 0–20",
    "description": "Cardinal numbers from zero to twenty. Master these to count, give your phone number, and tell the time.",
    "is_published": true,
    "created_at": "2026-05-16T14:43:21Z",
    "updated_at": "2026-05-16T14:43:21Z"
  }
},
{
  "model": "flashcards.flashcarddeck",
  "pk": 21,
  "fields": {
    "lesson": 5,
    "title": "Colours",
    "description": "Arabic colour adjectives. Note: adjectives agree in gender with the noun they describe.",
    "is_published": true,
    "created_at": "2026-05-16T14:43:21Z",
    "updated_at": "2026-05-16T14:43:21Z"
  }
},
{
  "model": "flashcards.flashcarddeck",
  "pk": 22,
  "fields": {
    "lesson": 6,
    "title": "Family Members",
    "description": "Vocabulary for family relationships. Arabic distinguishes maternal vs paternal relatives — pay attention!",
    "is_published": true,
    "created_at": "2026-05-16T14:43:21Z",
    "updated_at": "2026-05-16T14:43:21Z"
  }
},
{
  "model": "flashcards.flashcarddeck",
  "pk": 23,
  "fields": {
    "lesson": 7,
    "title": "Days of the Week & Months",
    "description": "All seven days and twelve Gregorian months in Modern Standard Arabic.",
    "is_published": true,
    "created_at": "2026-05-16T14:43:21Z",
    "updated_at": "2026-05-16T14:43:21Z"
  }
},
{
  "model": "flashcards.flashcard",
  "pk": 1,
  "fields": {
    "deck": 1,
    "order": 1,
    "front": "أب",
    "back": "father",
    "front_lang": "ar",
    "back_lang": "en",
    "audio": "",
    "notes": ""
  }
},
{
  "model": "flashcards.flashcard",
  "pk": 2,
  "fields": {
    "deck": 1,
    "order": 2,
    "front": "أم",
    "back": "mother",
    "front_lang": "ar",
    "back_lang": "en",
    "audio": "",
    "notes": ""
  }
},
{
  "model": "flashcards.flashcard",
  "pk": 3,
  "fields": {
    "deck": 1,
    "order": 3,
    "front": "أخ",
    "back": "brother",
    "front_lang": "ar",
    "back_lang": "en",
    "audio": "",
    "notes": ""
  }
},
{
  "model": "flashcards.flashcard",
  "pk": 4,
  "fields": {
    "deck": 1,
    "order": 4,
    "front": "أخت",
    "back": "sister",
    "front_lang": "ar",
    "back_lang": "en",
    "audio": "",
    "notes": ""
  }
},
{
  "model": "flashcards.flashcard",
  "pk": 5,
  "fields": {
    "deck": 1,
    "order": 5,
    "front": "ابن",
    "back": "son",
    "front_lang": "ar",
    "back_lang": "en",
    "audio": "",
    "notes": ""
  }
},
{
  "model": "flashcards.flashcard",
  "pk": 6,
  "fields": {
    "deck": 1,
    "order": 6,
    "front": "ابنة",
    "back": "daughter",
    "front_lang": "ar",
    "back_lang": "en",
    "audio": "",
    "notes": ""
  }
},
{
  "model": "flashcards.flashcard",
  "pk": 7,
  "fields": {
    "deck": 1,
    "order": 7,
    "front": "جد",
    "back": "grandfather",
    "front_lang": "ar",
    "back_lang": "en",
    "audio": "",
    "notes": ""
  }
},
{
  "model": "flashcards.flashcard",
  "pk": 8,
  "fields": {
    "deck": 1,
    "order": 8,
    "front": "جدة",
    "back": "grandmother",
    "front_lang": "ar",
    "back_lang": "en",
    "audio": "",
    "notes": ""
  }
},
{
  "model": "flashcards.flashcard",
  "pk": 9,
  "fields": {
    "deck": 2,
    "order": 1,
    "front": "مرحبا",
    "back": "Hello",
    "front_lang": "ar",
    "back_lang": "en",
    "audio": "",
    "notes": "Informal, used everywhere."
  }
},
{
  "model": "flashcards.flashcard",
  "pk": 10,
  "fields": {
    "deck": 2,
    "order": 2,
    "front": "السلام عليكم",
    "back": "Peace be upon you",
    "front_lang": "ar",
    "back_lang": "en",
    "audio": "",
    "notes": "Traditional greeting; reply: وعليكم السلام"
  }
},
{
  "model": "flashcards.flashcard",
  "pk": 11,
  "fields": {
    "deck": 2,
    "order": 3,
    "front": "أهلا",
    "back": "Welcome",
    "front_lang": "ar",
    "back_lang": "en",
    "audio": "",
    "notes": ""
  }
},
{
  "model": "flashcards.flashcard",
  "pk": 12,
  "fields": {
    "deck": 2,
    "order": 4,
    "front": "شكرا",
    "back": "Thank you",
    "front_lang": "ar",
    "back_lang": "en",
    "audio": "",
    "notes": ""
  }
},
{
  "model": "flashcards.flashcard",
  "pk": 13,
  "fields": {
    "deck": 2,
    "order": 5,
    "front": "من فضلك",
    "back": "Please",
    "front_lang": "ar",
    "back_lang": "en",
    "audio": "",
    "notes": "Literally: \"from your kindness\"."
  }
},
{
  "model": "flashcards.flashcard",
  "pk": 14,
  "fields": {
    "deck": 2,
    "order": 6,
    "front": "مع السلامة",
    "back": "Goodbye",
    "front_lang": "ar",
    "back_lang": "en",
    "audio": "",
    "notes": "Literally: \"with safety\"."
  }
},
{
  "model": "flashcards.flashcard",
  "pk": 15,
  "fields": {
    "deck": 2,
    "order": 7,
    "front": "إلى اللقاء",
    "back": "See you later",
    "front_lang": "ar",
    "back_lang": "en",
    "audio": "",
    "notes": ""
  }
},
{
  "model": "flashcards.flashcard",
  "pk": 16,
  "fields": {
    "deck": 3,
    "order": 1,
    "front": "أب",
    "back": "father",
    "front_lang": "ar",
    "back_lang": "en",
    "audio": "",
    "notes": ""
  }
},
{
  "model": "flashcards.flashcard",
  "pk": 17,
  "fields": {
    "deck": 3,
    "order": 2,
    "front": "أم",
    "back": "mother",
    "front_lang": "ar",
    "back_lang": "en",
    "audio": "",
    "notes": ""
  }
},
{
  "model": "flashcards.flashcard",
  "pk": 18,
  "fields": {
    "deck": 3,
    "order": 3,
    "front": "أخ",
    "back": "brother",
    "front_lang": "ar",
    "back_lang": "en",
    "audio": "",
    "notes": ""
  }
},
{
  "model": "flashcards.flashcard",
  "pk": 19,
  "fields": {
    "deck": 3,
    "order": 4,
    "front": "أخت",
    "back": "sister",
    "front_lang": "ar",
    "back_lang": "en",
    "audio": "",
    "notes": ""
  }
},
{
  "model": "flashcards.flashcard",
  "pk": 20,
  "fields": {
    "deck": 3,
    "order": 5,
    "front": "ابن",
    "back": "son",
    "front_lang": "ar",
    "back_lang": "en",
    "audio": "",
    "notes": ""
  }
},
{
  "model": "flashcards.flashcard",
  "pk": 21,
  "fields": {
    "deck": 3,
    "order": 6,
    "front": "ابنة",
    "back": "daughter",
    "front_lang": "ar",
    "back_lang": "en",
    "audio": "",
    "notes": ""
  }
},
{
  "model": "flashcards.flashcard",
  "pk": 22,
  "fields": {
    "deck": 3,
    "order": 7,
    "front": "جد",
    "back": "grandfather",
    "front_lang": "ar",
    "back_lang": "en",
    "audio": "",
    "notes": ""
  }
},
{
  "model": "flashcards.flashcard",
  "pk": 23,
  "fields": {
    "deck": 3,
    "order": 8,
    "front": "جدة",
    "back": "grandmother",
    "front_lang": "ar",
    "back_lang": "en",
    "audio": "",
    "notes": ""
  }
},
{
  "model": "flashcards.flashcard",
  "pk": 24,
  "fields": {
    "deck": 4,
    "order": 1,
    "front": "مرحبا",
    "back": "Hello",
    "front_lang": "ar",
    "back_lang": "en",
    "audio": "",
    "notes": "Informal, used everywhere."
  }
},
{
  "model": "flashcards.flashcard",
  "pk": 25,
  "fields": {
    "deck": 4,
    "order": 2,
    "front": "السلام عليكم",
    "back": "Peace be upon you",
    "front_lang": "ar",
    "back_lang": "en",
    "audio": "",
    "notes": "Traditional greeting; reply: وعليكم السلام"
  }
},
{
  "model": "flashcards.flashcard",
  "pk": 26,
  "fields": {
    "deck": 4,
    "order": 3,
    "front": "أهلا",
    "back": "Welcome",
    "front_lang": "ar",
    "back_lang": "en",
    "audio": "",
    "notes": ""
  }
},
{
  "model": "flashcards.flashcard",
  "pk": 27,
  "fields": {
    "deck": 4,
    "order": 4,
    "front": "شكرا",
    "back": "Thank you",
    "front_lang": "ar",
    "back_lang": "en",
    "audio": "",
    "notes": ""
  }
},
{
  "model": "flashcards.flashcard",
  "pk": 28,
  "fields": {
    "deck": 4,
    "order": 5,
    "front": "من فضلك",
    "back": "Please",
    "front_lang": "ar",
    "back_lang": "en",
    "audio": "",
    "notes": "Literally: \"from your kindness\"."
  }
},
{
  "model": "flashcards.flashcard",
  "pk": 29,
  "fields": {
    "deck": 4,
    "order": 6,
    "front": "مع السلامة",
    "back": "Goodbye",
    "front_lang": "ar",
    "back_lang": "en",
    "audio": "",
    "notes": "Literally: \"with safety\"."
  }
},
{
  "model": "flashcards.flashcard",
  "pk": 30,
  "fields": {
    "deck": 4,
    "order": 7,
    "front": "إلى اللقاء",
    "back": "See you later",
    "front_lang": "ar",
    "back_lang": "en",
    "audio": "",
    "notes": ""
  }
},
{
  "model": "flashcards.flashcard",
  "pk": 31,
  "fields": {
    "deck": 5,
    "order": 1,
    "front": "بيت",
    "back": "house",
    "front_lang": "ar",
    "back_lang": "en",
    "audio": "",
    "notes": ""
  }
},
{
  "model": "flashcards.flashcard",
  "pk": 32,
  "fields": {
    "deck": 5,
    "order": 2,
    "front": "باب",
    "back": "door",
    "front_lang": "ar",
    "back_lang": "en",
    "audio": "",
    "notes": ""
  }
},
{
  "model": "flashcards.flashcard",
  "pk": 33,
  "fields": {
    "deck": 5,
    "order": 3,
    "front": "نافذة",
    "back": "window",
    "front_lang": "ar",
    "back_lang": "en",
    "audio": "",
    "notes": ""
  }
},
{
  "model": "flashcards.flashcard",
  "pk": 34,
  "fields": {
    "deck": 5,
    "order": 4,
    "front": "غرفة",
    "back": "room",
    "front_lang": "ar",
    "back_lang": "en",
    "audio": "",
    "notes": ""
  }
},
{
  "model": "flashcards.flashcard",
  "pk": 35,
  "fields": {
    "deck": 5,
    "order": 5,
    "front": "مطبخ",
    "back": "kitchen",
    "front_lang": "ar",
    "back_lang": "en",
    "audio": "",
    "notes": ""
  }
},
{
  "model": "flashcards.flashcard",
  "pk": 36,
  "fields": {
    "deck": 5,
    "order": 6,
    "front": "حمام",
    "back": "bathroom",
    "front_lang": "ar",
    "back_lang": "en",
    "audio": "",
    "notes": ""
  }
},
{
  "model": "flashcards.flashcard",
  "pk": 37,
  "fields": {
    "deck": 5,
    "order": 7,
    "front": "سرير",
    "back": "bed",
    "front_lang": "ar",
    "back_lang": "en",
    "audio": "",
    "notes": ""
  }
},
{
  "model": "flashcards.flashcard",
  "pk": 38,
  "fields": {
    "deck": 5,
    "order": 8,
    "front": "كرسي",
    "back": "chair",
    "front_lang": "ar",
    "back_lang": "en",
    "audio": "",
    "notes": ""
  }
},
{
  "model": "flashcards.flashcard",
  "pk": 39,
  "fields": {
    "deck": 6,
    "order": 1,
    "front": "خبز",
    "back": "bread",
    "front_lang": "ar",
    "back_lang": "en",
    "audio": "",
    "notes": ""
  }
},
{
  "model": "flashcards.flashcard",
  "pk": 40,
  "fields": {
    "deck": 6,
    "order": 2,
    "front": "ماء",
    "back": "water",
    "front_lang": "ar",
    "back_lang": "en",
    "audio": "",
    "notes": ""
  }
},
{
  "model": "flashcards.flashcard",
  "pk": 41,
  "fields": {
    "deck": 6,
    "order": 3,
    "front": "شاي",
    "back": "tea",
    "front_lang": "ar",
    "back_lang": "en",
    "audio": "",
    "notes": ""
  }
},
{
  "model": "flashcards.flashcard",
  "pk": 42,
  "fields": {
    "deck": 6,
    "order": 4,
    "front": "قهوة",
    "back": "coffee",
    "front_lang": "ar",
    "back_lang": "en",
    "audio": "",
    "notes": ""
  }
},
{
  "model": "flashcards.flashcard",
  "pk": 43,
  "fields": {
    "deck": 6,
    "order": 5,
    "front": "حليب",
    "back": "milk",
    "front_lang": "ar",
    "back_lang": "en",
    "audio": "",
    "notes": ""
  }
},
{
  "model": "flashcards.flashcard",
  "pk": 44,
  "fields": {
    "deck": 6,
    "order": 6,
    "front": "لحم",
    "back": "meat",
    "front_lang": "ar",
    "back_lang": "en",
    "audio": "",
    "notes": ""
  }
},
{
  "model": "flashcards.flashcard",
  "pk": 45,
  "fields": {
    "deck": 6,
    "order": 7,
    "front": "سمك",
    "back": "fish",
    "front_lang": "ar",
    "back_lang": "en",
    "audio": "",
    "notes": ""
  }
},
{
  "model": "flashcards.flashcard",
  "pk": 46,
  "fields": {
    "deck": 6,
    "order": 8,
    "front": "فاكهة",
    "back": "fruit",
    "front_lang": "ar",
    "back_lang": "en",
    "audio": "",
    "notes": ""
  }
},
{
  "model": "flashcards.flashcard",
  "pk": 47,
  "fields": {
    "deck": 7,
    "order": 1,
    "front": "واحد",
    "back": "one",
    "front_lang": "ar",
    "back_lang": "en",
    "audio": "",
    "notes": ""
  }
},
{
  "model": "flashcards.flashcard",
  "pk": 48,
  "fields": {
    "deck": 7,
    "order": 2,
    "front": "اثنان",
    "back": "two",
    "front_lang": "ar",
    "back_lang": "en",
    "audio": "",
    "notes": ""
  }
},
{
  "model": "flashcards.flashcard",
  "pk": 49,
  "fields": {
    "deck": 7,
    "order": 3,
    "front": "ثلاثة",
    "back": "three",
    "front_lang": "ar",
    "back_lang": "en",
    "audio": "",
    "notes": ""
  }
},
{
  "model": "flashcards.flashcard",
  "pk": 50,
  "fields": {
    "deck": 7,
    "order": 4,
    "front": "أربعة",
    "back": "four",
    "front_lang": "ar",
    "back_lang": "en",
    "audio": "",
    "notes": ""
  }
},
{
  "model": "flashcards.flashcard",
  "pk": 51,
  "fields": {
    "deck": 7,
    "order": 5,
    "front": "خمسة",
    "back": "five",
    "front_lang": "ar",
    "back_lang": "en",
    "audio": "",
    "notes": ""
  }
},
{
  "model": "flashcards.flashcard",
  "pk": 52,
  "fields": {
    "deck": 7,
    "order": 6,
    "front": "ستة",
    "back": "six",
    "front_lang": "ar",
    "back_lang": "en",
    "audio": "",
    "notes": ""
  }
},
{
  "model": "flashcards.flashcard",
  "pk": 53,
  "fields": {
    "deck": 7,
    "order": 7,
    "front": "سبعة",
    "back": "seven",
    "front_lang": "ar",
    "back_lang": "en",
    "audio": "",
    "notes": ""
  }
},
{
  "model": "flashcards.flashcard",
  "pk": 54,
  "fields": {
    "deck": 7,
    "order": 8,
    "front": "ثمانية",
    "back": "eight",
    "front_lang": "ar",
    "back_lang": "en",
    "audio": "",
    "notes": ""
  }
},
{
  "model": "flashcards.flashcard",
  "pk": 55,
  "fields": {
    "deck": 8,
    "order": 1,
    "front": "الأحد",
    "back": "Sunday",
    "front_lang": "ar",
    "back_lang": "en",
    "audio": "",
    "notes": "First day of the week"
  }
},
{
  "model": "flashcards.flashcard",
  "pk": 56,
  "fields": {
    "deck": 8,
    "order": 2,
    "front": "الاثنين",
    "back": "Monday",
    "front_lang": "ar",
    "back_lang": "en",
    "audio": "",
    "notes": ""
  }
},
{
  "model": "flashcards.flashcard",
  "pk": 57,
  "fields": {
    "deck": 8,
    "order": 3,
    "front": "الثلاثاء",
    "back": "Tuesday",
    "front_lang": "ar",
    "back_lang": "en",
    "audio": "",
    "notes": ""
  }
},
{
  "model": "flashcards.flashcard",
  "pk": 58,
  "fields": {
    "deck": 8,
    "order": 4,
    "front": "الأربعاء",
    "back": "Wednesday",
    "front_lang": "ar",
    "back_lang": "en",
    "audio": "",
    "notes": ""
  }
},
{
  "model": "flashcards.flashcard",
  "pk": 59,
  "fields": {
    "deck": 8,
    "order": 5,
    "front": "الخميس",
    "back": "Thursday",
    "front_lang": "ar",
    "back_lang": "en",
    "audio": "",
    "notes": ""
  }
},
{
  "model": "flashcards.flashcard",
  "pk": 60,
  "fields": {
    "deck": 8,
    "order": 6,
    "front": "الجمعة",
    "back": "Friday",
    "front_lang": "ar",
    "back_lang": "en",
    "audio": "",
    "notes": "Communal prayer day"
  }
},
{
  "model": "flashcards.flashcard",
  "pk": 61,
  "fields": {
    "deck": 8,
    "order": 7,
    "front": "السبت",
    "back": "Saturday",
    "front_lang": "ar",
    "back_lang": "en",
    "audio": "",
    "notes": ""
  }
},
{
  "model": "flashcards.flashcard",
  "pk": 62,
  "fields": {
    "deck": 9,
    "order": 1,
    "front": "كم الساعة؟",
    "back": "What time is it?",
    "front_lang": "ar",
    "back_lang": "en",
    "audio": "",
    "notes": ""
  }
},
{
  "model": "flashcards.flashcard",
  "pk": 63,
  "fields": {
    "deck": 9,
    "order": 2,
    "front": "الساعة",
    "back": "the hour / o'clock",
    "front_lang": "ar",
    "back_lang": "en",
    "audio": "",
    "notes": ""
  }
},
{
  "model": "flashcards.flashcard",
  "pk": 64,
  "fields": {
    "deck": 9,
    "order": 3,
    "front": "دقيقة",
    "back": "minute",
    "front_lang": "ar",
    "back_lang": "en",
    "audio": "",
    "notes": ""
  }
},
{
  "model": "flashcards.flashcard",
  "pk": 65,
  "fields": {
    "deck": 9,
    "order": 4,
    "front": "نصف",
    "back": "half",
    "front_lang": "ar",
    "back_lang": "en",
    "audio": "",
    "notes": ""
  }
},
{
  "model": "flashcards.flashcard",
  "pk": 66,
  "fields": {
    "deck": 9,
    "order": 5,
    "front": "ربع",
    "back": "quarter",
    "front_lang": "ar",
    "back_lang": "en",
    "audio": "",
    "notes": ""
  }
},
{
  "model": "flashcards.flashcard",
  "pk": 67,
  "fields": {
    "deck": 9,
    "order": 6,
    "front": "صباحا",
    "back": "a.m. / in the morning",
    "front_lang": "ar",
    "back_lang": "en",
    "audio": "",
    "notes": ""
  }
},
{
  "model": "flashcards.flashcard",
  "pk": 68,
  "fields": {
    "deck": 9,
    "order": 7,
    "front": "مساء",
    "back": "p.m. / in the evening",
    "front_lang": "ar",
    "back_lang": "en",
    "audio": "",
    "notes": ""
  }
},
{
  "model": "flashcards.flashcard",
  "pk": 69,
  "fields": {
    "deck": 9,
    "order": 8,
    "front": "الآن",
    "back": "now",
    "front_lang": "ar",
    "back_lang": "en",
    "audio": "",
    "notes": ""
  }
},
{
  "model": "flashcards.flashcard",
  "pk": 70,
  "fields": {
    "deck": 10,
    "order": 1,
    "front": "أستيقظ",
    "back": "I wake up",
    "front_lang": "ar",
    "back_lang": "en",
    "audio": "",
    "notes": ""
  }
},
{
  "model": "flashcards.flashcard",
  "pk": 71,
  "fields": {
    "deck": 10,
    "order": 2,
    "front": "آكل",
    "back": "I eat",
    "front_lang": "ar",
    "back_lang": "en",
    "audio": "",
    "notes": ""
  }
},
{
  "model": "flashcards.flashcard",
  "pk": 72,
  "fields": {
    "deck": 10,
    "order": 3,
    "front": "أشرب",
    "back": "I drink",
    "front_lang": "ar",
    "back_lang": "en",
    "audio": "",
    "notes": ""
  }
},
{
  "model": "flashcards.flashcard",
  "pk": 73,
  "fields": {
    "deck": 10,
    "order": 4,
    "front": "أذهب",
    "back": "I go",
    "front_lang": "ar",
    "back_lang": "en",
    "audio": "",
    "notes": ""
  }
},
{
  "model": "flashcards.flashcard",
  "pk": 74,
  "fields": {
    "deck": 10,
    "order": 5,
    "front": "أعمل",
    "back": "I work",
    "front_lang": "ar",
    "back_lang": "en",
    "audio": "",
    "notes": ""
  }
},
{
  "model": "flashcards.flashcard",
  "pk": 75,
  "fields": {
    "deck": 10,
    "order": 6,
    "front": "أدرس",
    "back": "I study",
    "front_lang": "ar",
    "back_lang": "en",
    "audio": "",
    "notes": ""
  }
},
{
  "model": "flashcards.flashcard",
  "pk": 76,
  "fields": {
    "deck": 10,
    "order": 7,
    "front": "أعود",
    "back": "I return",
    "front_lang": "ar",
    "back_lang": "en",
    "audio": "",
    "notes": ""
  }
},
{
  "model": "flashcards.flashcard",
  "pk": 77,
  "fields": {
    "deck": 10,
    "order": 8,
    "front": "أنام",
    "back": "I sleep",
    "front_lang": "ar",
    "back_lang": "en",
    "audio": "",
    "notes": ""
  }
},
{
  "model": "flashcards.flashcard",
  "pk": 78,
  "fields": {
    "deck": 11,
    "order": 1,
    "front": "قطة",
    "back": "cat",
    "front_lang": "ar",
    "back_lang": "en",
    "audio": "",
    "notes": ""
  }
},
{
  "model": "flashcards.flashcard",
  "pk": 79,
  "fields": {
    "deck": 11,
    "order": 2,
    "front": "كلب",
    "back": "dog",
    "front_lang": "ar",
    "back_lang": "en",
    "audio": "",
    "notes": ""
  }
},
{
  "model": "flashcards.flashcard",
  "pk": 80,
  "fields": {
    "deck": 11,
    "order": 3,
    "front": "طائر",
    "back": "bird",
    "front_lang": "ar",
    "back_lang": "en",
    "audio": "",
    "notes": ""
  }
},
{
  "model": "flashcards.flashcard",
  "pk": 81,
  "fields": {
    "deck": 11,
    "order": 4,
    "front": "سمكة",
    "back": "fish",
    "front_lang": "ar",
    "back_lang": "en",
    "audio": "",
    "notes": ""
  }
},
{
  "model": "flashcards.flashcard",
  "pk": 82,
  "fields": {
    "deck": 11,
    "order": 5,
    "front": "أرنب",
    "back": "rabbit",
    "front_lang": "ar",
    "back_lang": "en",
    "audio": "",
    "notes": ""
  }
},
{
  "model": "flashcards.flashcard",
  "pk": 83,
  "fields": {
    "deck": 11,
    "order": 6,
    "front": "سلحفاة",
    "back": "turtle",
    "front_lang": "ar",
    "back_lang": "en",
    "audio": "",
    "notes": ""
  }
},
{
  "model": "flashcards.flashcard",
  "pk": 84,
  "fields": {
    "deck": 12,
    "order": 1,
    "front": "بقرة",
    "back": "cow",
    "front_lang": "ar",
    "back_lang": "en",
    "audio": "",
    "notes": ""
  }
},
{
  "model": "flashcards.flashcard",
  "pk": 85,
  "fields": {
    "deck": 12,
    "order": 2,
    "front": "خروف",
    "back": "sheep",
    "front_lang": "ar",
    "back_lang": "en",
    "audio": "",
    "notes": ""
  }
},
{
  "model": "flashcards.flashcard",
  "pk": 86,
  "fields": {
    "deck": 12,
    "order": 3,
    "front": "دجاجة",
    "back": "chicken",
    "front_lang": "ar",
    "back_lang": "en",
    "audio": "",
    "notes": ""
  }
},
{
  "model": "flashcards.flashcard",
  "pk": 87,
  "fields": {
    "deck": 12,
    "order": 4,
    "front": "حصان",
    "back": "horse",
    "front_lang": "ar",
    "back_lang": "en",
    "audio": "",
    "notes": ""
  }
},
{
  "model": "flashcards.flashcard",
  "pk": 88,
  "fields": {
    "deck": 12,
    "order": 5,
    "front": "حمار",
    "back": "donkey",
    "front_lang": "ar",
    "back_lang": "en",
    "audio": "",
    "notes": ""
  }
},
{
  "model": "flashcards.flashcard",
  "pk": 89,
  "fields": {
    "deck": 12,
    "order": 6,
    "front": "ماعز",
    "back": "goat",
    "front_lang": "ar",
    "back_lang": "en",
    "audio": "",
    "notes": ""
  }
},
{
  "model": "flashcards.flashcard",
  "pk": 90,
  "fields": {
    "deck": 12,
    "order": 7,
    "front": "ديك",
    "back": "rooster",
    "front_lang": "ar",
    "back_lang": "en",
    "audio": "",
    "notes": ""
  }
},
{
  "model": "flashcards.flashcard",
  "pk": 91,
  "fields": {
    "deck": 12,
    "order": 8,
    "front": "بطة",
    "back": "duck",
    "front_lang": "ar",
    "back_lang": "en",
    "audio": "",
    "notes": ""
  }
},
{
  "model": "flashcards.flashcard",
  "pk": 92,
  "fields": {
    "deck": 13,
    "order": 1,
    "front": "أحمر",
    "back": "red",
    "front_lang": "ar",
    "back_lang": "en",
    "audio": "",
    "notes": ""
  }
},
{
  "model": "flashcards.flashcard",
  "pk": 93,
  "fields": {
    "deck": 13,
    "order": 2,
    "front": "برتقالي",
    "back": "orange",
    "front_lang": "ar",
    "back_lang": "en",
    "audio": "",
    "notes": ""
  }
},
{
  "model": "flashcards.flashcard",
  "pk": 94,
  "fields": {
    "deck": 13,
    "order": 3,
    "front": "أصفر",
    "back": "yellow",
    "front_lang": "ar",
    "back_lang": "en",
    "audio": "",
    "notes": ""
  }
},
{
  "model": "flashcards.flashcard",
  "pk": 95,
  "fields": {
    "deck": 13,
    "order": 4,
    "front": "أخضر",
    "back": "green",
    "front_lang": "ar",
    "back_lang": "en",
    "audio": "",
    "notes": ""
  }
},
{
  "model": "flashcards.flashcard",
  "pk": 96,
  "fields": {
    "deck": 13,
    "order": 5,
    "front": "أزرق",
    "back": "blue",
    "front_lang": "ar",
    "back_lang": "en",
    "audio": "",
    "notes": ""
  }
},
{
  "model": "flashcards.flashcard",
  "pk": 97,
  "fields": {
    "deck": 13,
    "order": 6,
    "front": "بنفسجي",
    "back": "purple",
    "front_lang": "ar",
    "back_lang": "en",
    "audio": "",
    "notes": ""
  }
},
{
  "model": "flashcards.flashcard",
  "pk": 98,
  "fields": {
    "deck": 13,
    "order": 7,
    "front": "أسود",
    "back": "black",
    "front_lang": "ar",
    "back_lang": "en",
    "audio": "",
    "notes": ""
  }
},
{
  "model": "flashcards.flashcard",
  "pk": 99,
  "fields": {
    "deck": 13,
    "order": 8,
    "front": "أبيض",
    "back": "white",
    "front_lang": "ar",
    "back_lang": "en",
    "audio": "",
    "notes": ""
  }
},
{
  "model": "flashcards.flashcard",
  "pk": 100,
  "fields": {
    "deck": 14,
    "order": 1,
    "front": "مرحباً",
    "back": "Hello",
    "front_lang": "ar",
    "back_lang": "en",
    "audio": "",
    "notes": "Standard greeting, used any time of day."
  }
},
{
  "model": "flashcards.flashcard",
  "pk": 101,
  "fields": {
    "deck": 14,
    "order": 2,
    "front": "السلام عليكم",
    "back": "Peace be upon you",
    "front_lang": "ar",
    "back_lang": "en",
    "audio": "",
    "notes": "Traditional Islamic greeting."
  }
},
{
  "model": "flashcards.flashcard",
  "pk": 102,
  "fields": {
    "deck": 14,
    "order": 3,
    "front": "وعليكم السلام",
    "back": "And upon you peace",
    "front_lang": "ar",
    "back_lang": "en",
    "audio": "",
    "notes": "Reply to السلام عليكم."
  }
},
{
  "model": "flashcards.flashcard",
  "pk": 103,
  "fields": {
    "deck": 14,
    "order": 4,
    "front": "صباح الخير",
    "back": "Good morning",
    "front_lang": "ar",
    "back_lang": "en",
    "audio": "",
    "notes": ""
  }
},
{
  "model": "flashcards.flashcard",
  "pk": 104,
  "fields": {
    "deck": 14,
    "order": 5,
    "front": "صباح النور",
    "back": "Good morning (reply)",
    "front_lang": "ar",
    "back_lang": "en",
    "audio": "",
    "notes": "Literally 'morning of light'."
  }
},
{
  "model": "flashcards.flashcard",
  "pk": 105,
  "fields": {
    "deck": 14,
    "order": 6,
    "front": "مساء الخير",
    "back": "Good evening",
    "front_lang": "ar",
    "back_lang": "en",
    "audio": "",
    "notes": ""
  }
},
{
  "model": "flashcards.flashcard",
  "pk": 106,
  "fields": {
    "deck": 14,
    "order": 7,
    "front": "مساء النور",
    "back": "Good evening (reply)",
    "front_lang": "ar",
    "back_lang": "en",
    "audio": "",
    "notes": ""
  }
},
{
  "model": "flashcards.flashcard",
  "pk": 107,
  "fields": {
    "deck": 14,
    "order": 8,
    "front": "كيف حالك؟",
    "back": "How are you?",
    "front_lang": "ar",
    "back_lang": "en",
    "audio": "",
    "notes": ""
  }
},
{
  "model": "flashcards.flashcard",
  "pk": 108,
  "fields": {
    "deck": 14,
    "order": 9,
    "front": "بخير، شكراً",
    "back": "Fine, thank you",
    "front_lang": "ar",
    "back_lang": "en",
    "audio": "",
    "notes": ""
  }
},
{
  "model": "flashcards.flashcard",
  "pk": 109,
  "fields": {
    "deck": 14,
    "order": 10,
    "front": "تشرفنا",
    "back": "Nice to meet you",
    "front_lang": "ar",
    "back_lang": "en",
    "audio": "",
    "notes": "Literally 'we are honoured'."
  }
},
{
  "model": "flashcards.flashcard",
  "pk": 110,
  "fields": {
    "deck": 14,
    "order": 11,
    "front": "ما اسمك؟",
    "back": "What is your name?",
    "front_lang": "ar",
    "back_lang": "en",
    "audio": "",
    "notes": ""
  }
},
{
  "model": "flashcards.flashcard",
  "pk": 111,
  "fields": {
    "deck": 14,
    "order": 12,
    "front": "اسمي …",
    "back": "My name is …",
    "front_lang": "ar",
    "back_lang": "en",
    "audio": "",
    "notes": "Fill in with your name."
  }
},
{
  "model": "flashcards.flashcard",
  "pk": 112,
  "fields": {
    "deck": 14,
    "order": 13,
    "front": "من أين أنت؟",
    "back": "Where are you from?",
    "front_lang": "ar",
    "back_lang": "en",
    "audio": "",
    "notes": ""
  }
},
{
  "model": "flashcards.flashcard",
  "pk": 113,
  "fields": {
    "deck": 14,
    "order": 14,
    "front": "أنا من …",
    "back": "I am from …",
    "front_lang": "ar",
    "back_lang": "en",
    "audio": "",
    "notes": ""
  }
},
{
  "model": "flashcards.flashcard",
  "pk": 114,
  "fields": {
    "deck": 14,
    "order": 15,
    "front": "شكراً",
    "back": "Thank you",
    "front_lang": "ar",
    "back_lang": "en",
    "audio": "",
    "notes": ""
  }
},
{
  "model": "flashcards.flashcard",
  "pk": 115,
  "fields": {
    "deck": 14,
    "order": 16,
    "front": "عفواً",
    "back": "You're welcome / Excuse me",
    "front_lang": "ar",
    "back_lang": "en",
    "audio": "",
    "notes": "Context-dependent."
  }
},
{
  "model": "flashcards.flashcard",
  "pk": 116,
  "fields": {
    "deck": 14,
    "order": 17,
    "front": "من فضلك",
    "back": "Please",
    "front_lang": "ar",
    "back_lang": "en",
    "audio": "",
    "notes": ""
  }
},
{
  "model": "flashcards.flashcard",
  "pk": 117,
  "fields": {
    "deck": 14,
    "order": 18,
    "front": "آسف",
    "back": "Sorry",
    "front_lang": "ar",
    "back_lang": "en",
    "audio": "",
    "notes": ""
  }
},
{
  "model": "flashcards.flashcard",
  "pk": 118,
  "fields": {
    "deck": 14,
    "order": 19,
    "front": "مع السلامة",
    "back": "Goodbye",
    "front_lang": "ar",
    "back_lang": "en",
    "audio": "",
    "notes": "Literally 'go in safety'."
  }
},
{
  "model": "flashcards.flashcard",
  "pk": 119,
  "fields": {
    "deck": 14,
    "order": 20,
    "front": "إلى اللقاء",
    "back": "See you later",
    "front_lang": "ar",
    "back_lang": "en",
    "audio": "",
    "notes": ""
  }
},
{
  "model": "flashcards.flashcard",
  "pk": 120,
  "fields": {
    "deck": 15,
    "order": 1,
    "front": "صفر",
    "back": "Zero",
    "front_lang": "ar",
    "back_lang": "en",
    "audio": "",
    "notes": ""
  }
},
{
  "model": "flashcards.flashcard",
  "pk": 121,
  "fields": {
    "deck": 15,
    "order": 2,
    "front": "واحد",
    "back": "One",
    "front_lang": "ar",
    "back_lang": "en",
    "audio": "",
    "notes": ""
  }
},
{
  "model": "flashcards.flashcard",
  "pk": 122,
  "fields": {
    "deck": 15,
    "order": 3,
    "front": "اثنان",
    "back": "Two",
    "front_lang": "ar",
    "back_lang": "en",
    "audio": "",
    "notes": "Formal; colloquial often 'اتنين'."
  }
},
{
  "model": "flashcards.flashcard",
  "pk": 123,
  "fields": {
    "deck": 15,
    "order": 4,
    "front": "ثلاثة",
    "back": "Three",
    "front_lang": "ar",
    "back_lang": "en",
    "audio": "",
    "notes": ""
  }
},
{
  "model": "flashcards.flashcard",
  "pk": 124,
  "fields": {
    "deck": 15,
    "order": 5,
    "front": "أربعة",
    "back": "Four",
    "front_lang": "ar",
    "back_lang": "en",
    "audio": "",
    "notes": ""
  }
},
{
  "model": "flashcards.flashcard",
  "pk": 125,
  "fields": {
    "deck": 15,
    "order": 6,
    "front": "خمسة",
    "back": "Five",
    "front_lang": "ar",
    "back_lang": "en",
    "audio": "",
    "notes": ""
  }
},
{
  "model": "flashcards.flashcard",
  "pk": 126,
  "fields": {
    "deck": 15,
    "order": 7,
    "front": "ستة",
    "back": "Six",
    "front_lang": "ar",
    "back_lang": "en",
    "audio": "",
    "notes": ""
  }
},
{
  "model": "flashcards.flashcard",
  "pk": 127,
  "fields": {
    "deck": 15,
    "order": 8,
    "front": "سبعة",
    "back": "Seven",
    "front_lang": "ar",
    "back_lang": "en",
    "audio": "",
    "notes": ""
  }
},
{
  "model": "flashcards.flashcard",
  "pk": 128,
  "fields": {
    "deck": 15,
    "order": 9,
    "front": "ثمانية",
    "back": "Eight",
    "front_lang": "ar",
    "back_lang": "en",
    "audio": "",
    "notes": ""
  }
},
{
  "model": "flashcards.flashcard",
  "pk": 129,
  "fields": {
    "deck": 15,
    "order": 10,
    "front": "تسعة",
    "back": "Nine",
    "front_lang": "ar",
    "back_lang": "en",
    "audio": "",
    "notes": ""
  }
},
{
  "model": "flashcards.flashcard",
  "pk": 130,
  "fields": {
    "deck": 15,
    "order": 11,
    "front": "عشرة",
    "back": "Ten",
    "front_lang": "ar",
    "back_lang": "en",
    "audio": "",
    "notes": ""
  }
},
{
  "model": "flashcards.flashcard",
  "pk": 131,
  "fields": {
    "deck": 15,
    "order": 12,
    "front": "أحد عشر",
    "back": "Eleven",
    "front_lang": "ar",
    "back_lang": "en",
    "audio": "",
    "notes": ""
  }
},
{
  "model": "flashcards.flashcard",
  "pk": 132,
  "fields": {
    "deck": 15,
    "order": 13,
    "front": "اثنا عشر",
    "back": "Twelve",
    "front_lang": "ar",
    "back_lang": "en",
    "audio": "",
    "notes": ""
  }
},
{
  "model": "flashcards.flashcard",
  "pk": 133,
  "fields": {
    "deck": 15,
    "order": 14,
    "front": "ثلاثة عشر",
    "back": "Thirteen",
    "front_lang": "ar",
    "back_lang": "en",
    "audio": "",
    "notes": ""
  }
},
{
  "model": "flashcards.flashcard",
  "pk": 134,
  "fields": {
    "deck": 15,
    "order": 15,
    "front": "أربعة عشر",
    "back": "Fourteen",
    "front_lang": "ar",
    "back_lang": "en",
    "audio": "",
    "notes": ""
  }
},
{
  "model": "flashcards.flashcard",
  "pk": 135,
  "fields": {
    "deck": 15,
    "order": 16,
    "front": "خمسة عشر",
    "back": "Fifteen",
    "front_lang": "ar",
    "back_lang": "en",
    "audio": "",
    "notes": ""
  }
},
{
  "model": "flashcards.flashcard",
  "pk": 136,
  "fields": {
    "deck": 15,
    "order": 17,
    "front": "ستة عشر",
    "back": "Sixteen",
    "front_lang": "ar",
    "back_lang": "en",
    "audio": "",
    "notes": ""
  }
},
{
  "model": "flashcards.flashcard",
  "pk": 137,
  "fields": {
    "deck": 15,
    "order": 18,
    "front": "سبعة عشر",
    "back": "Seventeen",
    "front_lang": "ar",
    "back_lang": "en",
    "audio": "",
    "notes": ""
  }
},
{
  "model": "flashcards.flashcard",
  "pk": 138,
  "fields": {
    "deck": 15,
    "order": 19,
    "front": "ثمانية عشر",
    "back": "Eighteen",
    "front_lang": "ar",
    "back_lang": "en",
    "audio": "",
    "notes": ""
  }
},
{
  "model": "flashcards.flashcard",
  "pk": 139,
  "fields": {
    "deck": 15,
    "order": 20,
    "front": "تسعة عشر",
    "back": "Nineteen",
    "front_lang": "ar",
    "back_lang": "en",
    "audio": "",
    "notes": ""
  }
},
{
  "model": "flashcards.flashcard",
  "pk": 140,
  "fields": {
    "deck": 15,
    "order": 21,
    "front": "عشرون",
    "back": "Twenty",
    "front_lang": "ar",
    "back_lang": "en",
    "audio": "",
    "notes": ""
  }
},
{
  "model": "flashcards.flashcard",
  "pk": 141,
  "fields": {
    "deck": 16,
    "order": 1,
    "front": "أحمر",
    "back": "Red",
    "front_lang": "ar",
    "back_lang": "en",
    "audio": "",
    "notes": ""
  }
},
{
  "model": "flashcards.flashcard",
  "pk": 142,
  "fields": {
    "deck": 16,
    "order": 2,
    "front": "أزرق",
    "back": "Blue",
    "front_lang": "ar",
    "back_lang": "en",
    "audio": "",
    "notes": ""
  }
},
{
  "model": "flashcards.flashcard",
  "pk": 143,
  "fields": {
    "deck": 16,
    "order": 3,
    "front": "أخضر",
    "back": "Green",
    "front_lang": "ar",
    "back_lang": "en",
    "audio": "",
    "notes": ""
  }
},
{
  "model": "flashcards.flashcard",
  "pk": 144,
  "fields": {
    "deck": 16,
    "order": 4,
    "front": "أصفر",
    "back": "Yellow",
    "front_lang": "ar",
    "back_lang": "en",
    "audio": "",
    "notes": ""
  }
},
{
  "model": "flashcards.flashcard",
  "pk": 145,
  "fields": {
    "deck": 16,
    "order": 5,
    "front": "أبيض",
    "back": "White",
    "front_lang": "ar",
    "back_lang": "en",
    "audio": "",
    "notes": ""
  }
},
{
  "model": "flashcards.flashcard",
  "pk": 146,
  "fields": {
    "deck": 16,
    "order": 6,
    "front": "أسود",
    "back": "Black",
    "front_lang": "ar",
    "back_lang": "en",
    "audio": "",
    "notes": ""
  }
},
{
  "model": "flashcards.flashcard",
  "pk": 147,
  "fields": {
    "deck": 16,
    "order": 7,
    "front": "برتقالي",
    "back": "Orange",
    "front_lang": "ar",
    "back_lang": "en",
    "audio": "",
    "notes": "From the word برتقال (orange fruit)."
  }
},
{
  "model": "flashcards.flashcard",
  "pk": 148,
  "fields": {
    "deck": 16,
    "order": 8,
    "front": "بنفسجي",
    "back": "Purple / Violet",
    "front_lang": "ar",
    "back_lang": "en",
    "audio": "",
    "notes": "From بنفسج, violet flower."
  }
},
{
  "model": "flashcards.flashcard",
  "pk": 149,
  "fields": {
    "deck": 16,
    "order": 9,
    "front": "وردي",
    "back": "Pink",
    "front_lang": "ar",
    "back_lang": "en",
    "audio": "",
    "notes": "From وردة, rose."
  }
},
{
  "model": "flashcards.flashcard",
  "pk": 150,
  "fields": {
    "deck": 16,
    "order": 10,
    "front": "بني",
    "back": "Brown",
    "front_lang": "ar",
    "back_lang": "en",
    "audio": "",
    "notes": ""
  }
},
{
  "model": "flashcards.flashcard",
  "pk": 151,
  "fields": {
    "deck": 16,
    "order": 11,
    "front": "رمادي",
    "back": "Grey",
    "front_lang": "ar",
    "back_lang": "en",
    "audio": "",
    "notes": "From رماد, ash."
  }
},
{
  "model": "flashcards.flashcard",
  "pk": 152,
  "fields": {
    "deck": 16,
    "order": 12,
    "front": "ذهبي",
    "back": "Golden",
    "front_lang": "ar",
    "back_lang": "en",
    "audio": "",
    "notes": "From ذهب, gold."
  }
},
{
  "model": "flashcards.flashcard",
  "pk": 153,
  "fields": {
    "deck": 16,
    "order": 13,
    "front": "فضي",
    "back": "Silver",
    "front_lang": "ar",
    "back_lang": "en",
    "audio": "",
    "notes": "From فضة, silver."
  }
},
{
  "model": "flashcards.flashcard",
  "pk": 154,
  "fields": {
    "deck": 17,
    "order": 1,
    "front": "أب",
    "back": "Father",
    "front_lang": "ar",
    "back_lang": "en",
    "audio": "",
    "notes": ""
  }
},
{
  "model": "flashcards.flashcard",
  "pk": 155,
  "fields": {
    "deck": 17,
    "order": 2,
    "front": "أم",
    "back": "Mother",
    "front_lang": "ar",
    "back_lang": "en",
    "audio": "",
    "notes": ""
  }
},
{
  "model": "flashcards.flashcard",
  "pk": 156,
  "fields": {
    "deck": 17,
    "order": 3,
    "front": "أخ",
    "back": "Brother",
    "front_lang": "ar",
    "back_lang": "en",
    "audio": "",
    "notes": ""
  }
},
{
  "model": "flashcards.flashcard",
  "pk": 157,
  "fields": {
    "deck": 17,
    "order": 4,
    "front": "أخت",
    "back": "Sister",
    "front_lang": "ar",
    "back_lang": "en",
    "audio": "",
    "notes": ""
  }
},
{
  "model": "flashcards.flashcard",
  "pk": 158,
  "fields": {
    "deck": 17,
    "order": 5,
    "front": "ابن",
    "back": "Son",
    "front_lang": "ar",
    "back_lang": "en",
    "audio": "",
    "notes": ""
  }
},
{
  "model": "flashcards.flashcard",
  "pk": 159,
  "fields": {
    "deck": 17,
    "order": 6,
    "front": "ابنة",
    "back": "Daughter",
    "front_lang": "ar",
    "back_lang": "en",
    "audio": "",
    "notes": "Also بنت in colloquial speech."
  }
},
{
  "model": "flashcards.flashcard",
  "pk": 160,
  "fields": {
    "deck": 17,
    "order": 7,
    "front": "جد",
    "back": "Grandfather",
    "front_lang": "ar",
    "back_lang": "en",
    "audio": "",
    "notes": ""
  }
},
{
  "model": "flashcards.flashcard",
  "pk": 161,
  "fields": {
    "deck": 17,
    "order": 8,
    "front": "جدة",
    "back": "Grandmother",
    "front_lang": "ar",
    "back_lang": "en",
    "audio": "",
    "notes": ""
  }
},
{
  "model": "flashcards.flashcard",
  "pk": 162,
  "fields": {
    "deck": 17,
    "order": 9,
    "front": "عم",
    "back": "Paternal uncle",
    "front_lang": "ar",
    "back_lang": "en",
    "audio": "",
    "notes": "Father's brother."
  }
},
{
  "model": "flashcards.flashcard",
  "pk": 163,
  "fields": {
    "deck": 17,
    "order": 10,
    "front": "خال",
    "back": "Maternal uncle",
    "front_lang": "ar",
    "back_lang": "en",
    "audio": "",
    "notes": "Mother's brother."
  }
},
{
  "model": "flashcards.flashcard",
  "pk": 164,
  "fields": {
    "deck": 17,
    "order": 11,
    "front": "عمة",
    "back": "Paternal aunt",
    "front_lang": "ar",
    "back_lang": "en",
    "audio": "",
    "notes": "Father's sister."
  }
},
{
  "model": "flashcards.flashcard",
  "pk": 165,
  "fields": {
    "deck": 17,
    "order": 12,
    "front": "خالة",
    "back": "Maternal aunt",
    "front_lang": "ar",
    "back_lang": "en",
    "audio": "",
    "notes": "Mother's sister."
  }
},
{
  "model": "flashcards.flashcard",
  "pk": 166,
  "fields": {
    "deck": 17,
    "order": 13,
    "front": "ابن عم",
    "back": "Male cousin (paternal)",
    "front_lang": "ar",
    "back_lang": "en",
    "audio": "",
    "notes": ""
  }
},
{
  "model": "flashcards.flashcard",
  "pk": 167,
  "fields": {
    "deck": 17,
    "order": 14,
    "front": "زوج",
    "back": "Husband",
    "front_lang": "ar",
    "back_lang": "en",
    "audio": "",
    "notes": ""
  }
},
{
  "model": "flashcards.flashcard",
  "pk": 168,
  "fields": {
    "deck": 17,
    "order": 15,
    "front": "زوجة",
    "back": "Wife",
    "front_lang": "ar",
    "back_lang": "en",
    "audio": "",
    "notes": ""
  }
},
{
  "model": "flashcards.flashcard",
  "pk": 169,
  "fields": {
    "deck": 18,
    "order": 1,
    "front": "الأحد",
    "back": "Sunday",
    "front_lang": "ar",
    "back_lang": "en",
    "audio": "",
    "notes": "First day of the week in many Arab countries."
  }
},
{
  "model": "flashcards.flashcard",
  "pk": 170,
  "fields": {
    "deck": 18,
    "order": 2,
    "front": "الاثنين",
    "back": "Monday",
    "front_lang": "ar",
    "back_lang": "en",
    "audio": "",
    "notes": ""
  }
},
{
  "model": "flashcards.flashcard",
  "pk": 171,
  "fields": {
    "deck": 18,
    "order": 3,
    "front": "الثلاثاء",
    "back": "Tuesday",
    "front_lang": "ar",
    "back_lang": "en",
    "audio": "",
    "notes": ""
  }
},
{
  "model": "flashcards.flashcard",
  "pk": 172,
  "fields": {
    "deck": 18,
    "order": 4,
    "front": "الأربعاء",
    "back": "Wednesday",
    "front_lang": "ar",
    "back_lang": "en",
    "audio": "",
    "notes": ""
  }
},
{
  "model": "flashcards.flashcard",
  "pk": 173,
  "fields": {
    "deck": 18,
    "order": 5,
    "front": "الخميس",
    "back": "Thursday",
    "front_lang": "ar",
    "back_lang": "en",
    "audio": "",
    "notes": ""
  }
},
{
  "model": "flashcards.flashcard",
  "pk": 174,
  "fields": {
    "deck": 18,
    "order": 6,
    "front": "الجمعة",
    "back": "Friday",
    "front_lang": "ar",
    "back_lang": "en",
    "audio": "",
    "notes": "The holy day of congregational prayer."
  }
},
{
  "model": "flashcards.flashcard",
  "pk": 175,
  "fields": {
    "deck": 18,
    "order": 7,
    "front": "السبت",
    "back": "Saturday",
    "front_lang": "ar",
    "back_lang": "en",
    "audio": "",
    "notes": ""
  }
},
{
  "model": "flashcards.flashcard",
  "pk": 176,
  "fields": {
    "deck": 18,
    "order": 8,
    "front": "يناير",
    "back": "January",
    "front_lang": "ar",
    "back_lang": "en",
    "audio": "",
    "notes": ""
  }
},
{
  "model": "flashcards.flashcard",
  "pk": 177,
  "fields": {
    "deck": 18,
    "order": 9,
    "front": "فبراير",
    "back": "February",
    "front_lang": "ar",
    "back_lang": "en",
    "audio": "",
    "notes": ""
  }
},
{
  "model": "flashcards.flashcard",
  "pk": 178,
  "fields": {
    "deck": 18,
    "order": 10,
    "front": "مارس",
    "back": "March",
    "front_lang": "ar",
    "back_lang": "en",
    "audio": "",
    "notes": ""
  }
},
{
  "model": "flashcards.flashcard",
  "pk": 179,
  "fields": {
    "deck": 18,
    "order": 11,
    "front": "أبريل",
    "back": "April",
    "front_lang": "ar",
    "back_lang": "en",
    "audio": "",
    "notes": ""
  }
},
{
  "model": "flashcards.flashcard",
  "pk": 180,
  "fields": {
    "deck": 18,
    "order": 12,
    "front": "مايو",
    "back": "May",
    "front_lang": "ar",
    "back_lang": "en",
    "audio": "",
    "notes": ""
  }
},
{
  "model": "flashcards.flashcard",
  "pk": 181,
  "fields": {
    "deck": 18,
    "order": 13,
    "front": "يونيو",
    "back": "June",
    "front_lang": "ar",
    "back_lang": "en",
    "audio": "",
    "notes": ""
  }
},
{
  "model": "flashcards.flashcard",
  "pk": 182,
  "fields": {
    "deck": 18,
    "order": 14,
    "front": "يوليو",
    "back": "July",
    "front_lang": "ar",
    "back_lang": "en",
    "audio": "",
    "notes": ""
  }
},
{
  "model": "flashcards.flashcard",
  "pk": 183,
  "fields": {
    "deck": 18,
    "order": 15,
    "front": "أغسطس",
    "back": "August",
    "front_lang": "ar",
    "back_lang": "en",
    "audio": "",
    "notes": ""
  }
},
{
  "model": "flashcards.flashcard",
  "pk": 184,
  "fields": {
    "deck": 18,
    "order": 16,
    "front": "سبتمبر",
    "back": "September",
    "front_lang": "ar",
    "back_lang": "en",
    "audio": "",
    "notes": ""
  }
},
{
  "model": "flashcards.flashcard",
  "pk": 185,
  "fields": {
    "deck": 18,
    "order": 17,
    "front": "أكتوبر",
    "back": "October",
    "front_lang": "ar",
    "back_lang": "en",
    "audio": "",
    "notes": ""
  }
},
{
  "model": "flashcards.flashcard",
  "pk": 186,
  "fields": {
    "deck": 18,
    "order": 18,
    "front": "نوفمبر",
    "back": "November",
    "front_lang": "ar",
    "back_lang": "en",
    "audio": "",
    "notes": ""
  }
},
{
  "model": "flashcards.flashcard",
  "pk": 187,
  "fields": {
    "deck": 18,
    "order": 19,
    "front": "ديسمبر",
    "back": "December",
    "front_lang": "ar",
    "back_lang": "en",
    "audio": "",
    "notes": ""
  }
},
{
  "model": "flashcards.flashcardreview",
  "pk": 1,
  "fields": {
    "student": 1,
    "flashcard": 1,
    "times_seen": 2,
    "times_correct": 2,
    "streak": 2,
    "is_mastered": false,
    "last_seen_at": "2026-05-11T17:59:54.892Z",
    "last_correct_at": "2026-05-11T17:59:54.892Z"
  }
},
{
  "model": "flashcards.flashcardreview",
  "pk": 2,
  "fields": {
    "student": 1,
    "flashcard": 2,
    "times_seen": 2,
    "times_correct": 2,
    "streak": 2,
    "is_mastered": false,
    "last_seen_at": "2026-05-11T17:59:56.431Z",
    "last_correct_at": "2026-05-11T17:59:56.431Z"
  }
},
{
  "model": "flashcards.flashcardreview",
  "pk": 3,
  "fields": {
    "student": 1,
    "flashcard": 3,
    "times_seen": 2,
    "times_correct": 2,
    "streak": 2,
    "is_mastered": false,
    "last_seen_at": "2026-05-11T17:59:57.379Z",
    "last_correct_at": "2026-05-11T17:59:57.379Z"
  }
},
{
  "model": "flashcards.flashcardreview",
  "pk": 4,
  "fields": {
    "student": 1,
    "flashcard": 4,
    "times_seen": 2,
    "times_correct": 2,
    "streak": 2,
    "is_mastered": false,
    "last_seen_at": "2026-05-11T17:59:58.334Z",
    "last_correct_at": "2026-05-11T17:59:58.334Z"
  }
},
{
  "model": "flashcards.flashcardreview",
  "pk": 5,
  "fields": {
    "student": 1,
    "flashcard": 5,
    "times_seen": 2,
    "times_correct": 2,
    "streak": 2,
    "is_mastered": false,
    "last_seen_at": "2026-05-11T17:59:59.145Z",
    "last_correct_at": "2026-05-11T17:59:59.145Z"
  }
},
{
  "model": "flashcards.flashcardreview",
  "pk": 6,
  "fields": {
    "student": 1,
    "flashcard": 6,
    "times_seen": 2,
    "times_correct": 2,
    "streak": 2,
    "is_mastered": false,
    "last_seen_at": "2026-05-11T17:59:59.840Z",
    "last_correct_at": "2026-05-11T17:59:59.840Z"
  }
},
{
  "model": "flashcards.flashcardreview",
  "pk": 7,
  "fields": {
    "student": 1,
    "flashcard": 7,
    "times_seen": 2,
    "times_correct": 2,
    "streak": 2,
    "is_mastered": false,
    "last_seen_at": "2026-05-11T18:00:00.675Z",
    "last_correct_at": "2026-05-11T18:00:00.675Z"
  }
},
{
  "model": "flashcards.flashcardreview",
  "pk": 8,
  "fields": {
    "student": 1,
    "flashcard": 8,
    "times_seen": 2,
    "times_correct": 2,
    "streak": 2,
    "is_mastered": false,
    "last_seen_at": "2026-05-11T18:00:02.023Z",
    "last_correct_at": "2026-05-11T18:00:02.023Z"
  }
},
{
  "model": "flashcards.flashcardreview",
  "pk": 9,
  "fields": {
    "student": 1,
    "flashcard": 9,
    "times_seen": 2,
    "times_correct": 2,
    "streak": 2,
    "is_mastered": false,
    "last_seen_at": "2026-06-02T19:24:40.947Z",
    "last_correct_at": "2026-06-02T19:24:40.947Z"
  }
},
{
  "model": "flashcards.flashcardreview",
  "pk": 10,
  "fields": {
    "student": 1,
    "flashcard": 10,
    "times_seen": 2,
    "times_correct": 2,
    "streak": 2,
    "is_mastered": false,
    "last_seen_at": "2026-06-02T19:24:41.690Z",
    "last_correct_at": "2026-06-02T19:24:41.690Z"
  }
},
{
  "model": "flashcards.flashcardreview",
  "pk": 11,
  "fields": {
    "student": 1,
    "flashcard": 11,
    "times_seen": 2,
    "times_correct": 2,
    "streak": 2,
    "is_mastered": false,
    "last_seen_at": "2026-06-02T19:24:42.289Z",
    "last_correct_at": "2026-06-02T19:24:42.289Z"
  }
},
{
  "model": "flashcards.flashcardreview",
  "pk": 12,
  "fields": {
    "student": 1,
    "flashcard": 12,
    "times_seen": 2,
    "times_correct": 2,
    "streak": 2,
    "is_mastered": false,
    "last_seen_at": "2026-06-02T19:24:42.900Z",
    "last_correct_at": "2026-06-02T19:24:42.900Z"
  }
},
{
  "model": "flashcards.flashcardreview",
  "pk": 13,
  "fields": {
    "student": 1,
    "flashcard": 13,
    "times_seen": 2,
    "times_correct": 2,
    "streak": 2,
    "is_mastered": false,
    "last_seen_at": "2026-06-02T19:24:43.645Z",
    "last_correct_at": "2026-06-02T19:24:43.645Z"
  }
},
{
  "model": "flashcards.flashcardreview",
  "pk": 14,
  "fields": {
    "student": 1,
    "flashcard": 14,
    "times_seen": 2,
    "times_correct": 2,
    "streak": 2,
    "is_mastered": false,
    "last_seen_at": "2026-06-02T19:24:44.354Z",
    "last_correct_at": "2026-06-02T19:24:44.354Z"
  }
},
{
  "model": "flashcards.flashcardreview",
  "pk": 15,
  "fields": {
    "student": 1,
    "flashcard": 15,
    "times_seen": 2,
    "times_correct": 2,
    "streak": 2,
    "is_mastered": false,
    "last_seen_at": "2026-06-02T19:24:45.109Z",
    "last_correct_at": "2026-06-02T19:24:45.109Z"
  }
},
{
  "model": "flashcards.flashcardreview",
  "pk": 16,
  "fields": {
    "student": 1,
    "flashcard": 92,
    "times_seen": 2,
    "times_correct": 2,
    "streak": 2,
    "is_mastered": false,
    "last_seen_at": "2026-06-02T19:39:28.184Z",
    "last_correct_at": "2026-06-02T19:39:28.184Z"
  }
},
{
  "model": "flashcards.flashcardreview",
  "pk": 17,
  "fields": {
    "student": 1,
    "flashcard": 93,
    "times_seen": 2,
    "times_correct": 2,
    "streak": 2,
    "is_mastered": false,
    "last_seen_at": "2026-06-02T19:39:28.854Z",
    "last_correct_at": "2026-06-02T19:39:28.854Z"
  }
},
{
  "model": "flashcards.flashcardreview",
  "pk": 18,
  "fields": {
    "student": 1,
    "flashcard": 94,
    "times_seen": 2,
    "times_correct": 2,
    "streak": 2,
    "is_mastered": false,
    "last_seen_at": "2026-06-02T19:39:29.419Z",
    "last_correct_at": "2026-06-02T19:39:29.419Z"
  }
},
{
  "model": "flashcards.flashcardreview",
  "pk": 19,
  "fields": {
    "student": 1,
    "flashcard": 95,
    "times_seen": 2,
    "times_correct": 2,
    "streak": 2,
    "is_mastered": false,
    "last_seen_at": "2026-06-02T19:39:30.036Z",
    "last_correct_at": "2026-06-02T19:39:30.036Z"
  }
},
{
  "model": "flashcards.flashcardreview",
  "pk": 20,
  "fields": {
    "student": 1,
    "flashcard": 96,
    "times_seen": 2,
    "times_correct": 2,
    "streak": 2,
    "is_mastered": false,
    "last_seen_at": "2026-06-02T19:39:30.908Z",
    "last_correct_at": "2026-06-02T19:39:30.908Z"
  }
},
{
  "model": "flashcards.flashcardreview",
  "pk": 21,
  "fields": {
    "student": 1,
    "flashcard": 97,
    "times_seen": 2,
    "times_correct": 2,
    "streak": 2,
    "is_mastered": false,
    "last_seen_at": "2026-06-02T19:39:31.500Z",
    "last_correct_at": "2026-06-02T19:39:31.501Z"
  }
},
{
  "model": "flashcards.flashcardreview",
  "pk": 22,
  "fields": {
    "student": 1,
    "flashcard": 98,
    "times_seen": 2,
    "times_correct": 2,
    "streak": 2,
    "is_mastered": false,
    "last_seen_at": "2026-06-02T19:39:32.155Z",
    "last_correct_at": "2026-06-02T19:39:32.155Z"
  }
},
{
  "model": "flashcards.flashcardreview",
  "pk": 23,
  "fields": {
    "student": 1,
    "flashcard": 99,
    "times_seen": 2,
    "times_correct": 2,
    "streak": 2,
    "is_mastered": false,
    "last_seen_at": "2026-06-02T19:39:33.100Z",
    "last_correct_at": "2026-06-02T19:39:33.100Z"
  }
},
{
  "model": "flashcards.flashcardreview",
  "pk": 24,
  "fields": {
    "student": 1,
    "flashcard": 24,
    "times_seen": 1,
    "times_correct": 1,
    "streak": 1,
    "is_mastered": false,
    "last_seen_at": "2026-06-02T19:24:56.146Z",
    "last_correct_at": "2026-06-02T19:24:56.146Z"
  }
},
{
  "model": "flashcards.flashcardreview",
  "pk": 25,
  "fields": {
    "student": 1,
    "flashcard": 25,
    "times_seen": 1,
    "times_correct": 1,
    "streak": 1,
    "is_mastered": false,
    "last_seen_at": "2026-06-02T19:24:58.060Z",
    "last_correct_at": "2026-06-02T19:24:58.060Z"
  }
},
{
  "model": "flashcards.flashcardreview",
  "pk": 26,
  "fields": {
    "student": 1,
    "flashcard": 26,
    "times_seen": 1,
    "times_correct": 1,
    "streak": 1,
    "is_mastered": false,
    "last_seen_at": "2026-06-02T19:24:58.391Z",
    "last_correct_at": "2026-06-02T19:24:58.391Z"
  }
},
{
  "model": "flashcards.flashcardreview",
  "pk": 27,
  "fields": {
    "student": 1,
    "flashcard": 27,
    "times_seen": 1,
    "times_correct": 1,
    "streak": 1,
    "is_mastered": false,
    "last_seen_at": "2026-06-02T19:24:58.996Z",
    "last_correct_at": "2026-06-02T19:24:58.996Z"
  }
},
{
  "model": "flashcards.flashcardreview",
  "pk": 28,
  "fields": {
    "student": 1,
    "flashcard": 28,
    "times_seen": 1,
    "times_correct": 1,
    "streak": 1,
    "is_mastered": false,
    "last_seen_at": "2026-06-02T19:24:59.540Z",
    "last_correct_at": "2026-06-02T19:24:59.540Z"
  }
},
{
  "model": "flashcards.flashcardreview",
  "pk": 29,
  "fields": {
    "student": 1,
    "flashcard": 29,
    "times_seen": 1,
    "times_correct": 1,
    "streak": 1,
    "is_mastered": false,
    "last_seen_at": "2026-06-02T19:25:00.143Z",
    "last_correct_at": "2026-06-02T19:25:00.143Z"
  }
},
{
  "model": "flashcards.flashcardreview",
  "pk": 30,
  "fields": {
    "student": 1,
    "flashcard": 30,
    "times_seen": 1,
    "times_correct": 1,
    "streak": 1,
    "is_mastered": false,
    "last_seen_at": "2026-06-02T19:25:00.698Z",
    "last_correct_at": "2026-06-02T19:25:00.698Z"
  }
},
{
  "model": "flashcards.flashcardreview",
  "pk": 31,
  "fields": {
    "student": 1,
    "flashcard": 84,
    "times_seen": 1,
    "times_correct": 1,
    "streak": 1,
    "is_mastered": false,
    "last_seen_at": "2026-06-02T19:39:48.239Z",
    "last_correct_at": "2026-06-02T19:39:48.239Z"
  }
},
{
  "model": "flashcards.flashcardreview",
  "pk": 32,
  "fields": {
    "student": 1,
    "flashcard": 85,
    "times_seen": 1,
    "times_correct": 1,
    "streak": 1,
    "is_mastered": false,
    "last_seen_at": "2026-06-02T19:39:48.926Z",
    "last_correct_at": "2026-06-02T19:39:48.926Z"
  }
},
{
  "model": "flashcards.flashcardreview",
  "pk": 33,
  "fields": {
    "student": 1,
    "flashcard": 86,
    "times_seen": 1,
    "times_correct": 1,
    "streak": 1,
    "is_mastered": false,
    "last_seen_at": "2026-06-02T19:39:49.610Z",
    "last_correct_at": "2026-06-02T19:39:49.610Z"
  }
},
{
  "model": "flashcards.flashcardreview",
  "pk": 34,
  "fields": {
    "student": 1,
    "flashcard": 87,
    "times_seen": 1,
    "times_correct": 1,
    "streak": 1,
    "is_mastered": false,
    "last_seen_at": "2026-06-02T19:39:50.226Z",
    "last_correct_at": "2026-06-02T19:39:50.226Z"
  }
},
{
  "model": "flashcards.flashcardreview",
  "pk": 35,
  "fields": {
    "student": 1,
    "flashcard": 88,
    "times_seen": 1,
    "times_correct": 1,
    "streak": 1,
    "is_mastered": false,
    "last_seen_at": "2026-06-02T19:39:50.842Z",
    "last_correct_at": "2026-06-02T19:39:50.842Z"
  }
},
{
  "model": "flashcards.flashcardreview",
  "pk": 36,
  "fields": {
    "student": 1,
    "flashcard": 89,
    "times_seen": 1,
    "times_correct": 1,
    "streak": 1,
    "is_mastered": false,
    "last_seen_at": "2026-06-02T19:39:51.540Z",
    "last_correct_at": "2026-06-02T19:39:51.540Z"
  }
},
{
  "model": "flashcards.flashcardreview",
  "pk": 37,
  "fields": {
    "student": 1,
    "flashcard": 90,
    "times_seen": 1,
    "times_correct": 1,
    "streak": 1,
    "is_mastered": false,
    "last_seen_at": "2026-06-02T19:39:52.227Z",
    "last_correct_at": "2026-06-02T19:39:52.227Z"
  }
},
{
  "model": "flashcards.flashcardreview",
  "pk": 38,
  "fields": {
    "student": 1,
    "flashcard": 91,
    "times_seen": 1,
    "times_correct": 1,
    "streak": 1,
    "is_mastered": false,
    "last_seen_at": "2026-06-02T19:39:53.113Z",
    "last_correct_at": "2026-06-02T19:39:53.113Z"
  }
},
{
  "model": "flashcards.flashcardreview",
  "pk": 39,
  "fields": {
    "student": 1,
    "flashcard": 100,
    "times_seen": 1,
    "times_correct": 1,
    "streak": 1,
    "is_mastered": false,
    "last_seen_at": "2026-06-02T19:40:16.837Z",
    "last_correct_at": "2026-06-02T19:40:16.837Z"
  }
},
{
  "model": "flashcards.flashcardreview",
  "pk": 40,
  "fields": {
    "student": 1,
    "flashcard": 101,
    "times_seen": 1,
    "times_correct": 1,
    "streak": 1,
    "is_mastered": false,
    "last_seen_at": "2026-06-02T19:40:17.538Z",
    "last_correct_at": "2026-06-02T19:40:17.538Z"
  }
},
{
  "model": "flashcards.flashcardreview",
  "pk": 41,
  "fields": {
    "student": 1,
    "flashcard": 102,
    "times_seen": 1,
    "times_correct": 1,
    "streak": 1,
    "is_mastered": false,
    "last_seen_at": "2026-06-02T19:40:18.172Z",
    "last_correct_at": "2026-06-02T19:40:18.172Z"
  }
},
{
  "model": "flashcards.flashcardreview",
  "pk": 42,
  "fields": {
    "student": 1,
    "flashcard": 103,
    "times_seen": 1,
    "times_correct": 1,
    "streak": 1,
    "is_mastered": false,
    "last_seen_at": "2026-06-02T19:40:18.739Z",
    "last_correct_at": "2026-06-02T19:40:18.739Z"
  }
},
{
  "model": "flashcards.flashcardreview",
  "pk": 43,
  "fields": {
    "student": 1,
    "flashcard": 104,
    "times_seen": 1,
    "times_correct": 1,
    "streak": 1,
    "is_mastered": false,
    "last_seen_at": "2026-06-02T19:40:19.325Z",
    "last_correct_at": "2026-06-02T19:40:19.325Z"
  }
},
{
  "model": "flashcards.flashcardreview",
  "pk": 44,
  "fields": {
    "student": 1,
    "flashcard": 105,
    "times_seen": 1,
    "times_correct": 1,
    "streak": 1,
    "is_mastered": false,
    "last_seen_at": "2026-06-02T19:40:20.089Z",
    "last_correct_at": "2026-06-02T19:40:20.089Z"
  }
},
{
  "model": "flashcards.flashcardreview",
  "pk": 45,
  "fields": {
    "student": 1,
    "flashcard": 106,
    "times_seen": 1,
    "times_correct": 1,
    "streak": 1,
    "is_mastered": false,
    "last_seen_at": "2026-06-02T19:40:20.739Z",
    "last_correct_at": "2026-06-02T19:40:20.739Z"
  }
},
{
  "model": "flashcards.flashcardreview",
  "pk": 46,
  "fields": {
    "student": 1,
    "flashcard": 107,
    "times_seen": 1,
    "times_correct": 1,
    "streak": 1,
    "is_mastered": false,
    "last_seen_at": "2026-06-02T19:40:21.406Z",
    "last_correct_at": "2026-06-02T19:40:21.406Z"
  }
},
{
  "model": "flashcards.flashcardreview",
  "pk": 47,
  "fields": {
    "student": 1,
    "flashcard": 108,
    "times_seen": 1,
    "times_correct": 1,
    "streak": 1,
    "is_mastered": false,
    "last_seen_at": "2026-06-02T19:40:22.120Z",
    "last_correct_at": "2026-06-02T19:40:22.120Z"
  }
},
{
  "model": "flashcards.flashcardreview",
  "pk": 48,
  "fields": {
    "student": 1,
    "flashcard": 109,
    "times_seen": 1,
    "times_correct": 1,
    "streak": 1,
    "is_mastered": false,
    "last_seen_at": "2026-06-02T19:40:22.723Z",
    "last_correct_at": "2026-06-02T19:40:22.723Z"
  }
},
{
  "model": "flashcards.flashcardreview",
  "pk": 49,
  "fields": {
    "student": 1,
    "flashcard": 110,
    "times_seen": 1,
    "times_correct": 1,
    "streak": 1,
    "is_mastered": false,
    "last_seen_at": "2026-06-02T19:40:23.440Z",
    "last_correct_at": "2026-06-02T19:40:23.440Z"
  }
},
{
  "model": "flashcards.flashcardreview",
  "pk": 50,
  "fields": {
    "student": 1,
    "flashcard": 111,
    "times_seen": 1,
    "times_correct": 1,
    "streak": 1,
    "is_mastered": false,
    "last_seen_at": "2026-06-02T19:40:24.202Z",
    "last_correct_at": "2026-06-02T19:40:24.202Z"
  }
},
{
  "model": "flashcards.flashcardreview",
  "pk": 51,
  "fields": {
    "student": 1,
    "flashcard": 112,
    "times_seen": 1,
    "times_correct": 1,
    "streak": 1,
    "is_mastered": false,
    "last_seen_at": "2026-06-02T19:40:24.807Z",
    "last_correct_at": "2026-06-02T19:40:24.807Z"
  }
},
{
  "model": "flashcards.flashcardreview",
  "pk": 52,
  "fields": {
    "student": 1,
    "flashcard": 113,
    "times_seen": 1,
    "times_correct": 1,
    "streak": 1,
    "is_mastered": false,
    "last_seen_at": "2026-06-02T19:40:25.942Z",
    "last_correct_at": "2026-06-02T19:40:25.942Z"
  }
},
{
  "model": "flashcards.flashcardreview",
  "pk": 53,
  "fields": {
    "student": 1,
    "flashcard": 114,
    "times_seen": 1,
    "times_correct": 1,
    "streak": 1,
    "is_mastered": false,
    "last_seen_at": "2026-06-02T19:40:26.475Z",
    "last_correct_at": "2026-06-02T19:40:26.475Z"
  }
},
{
  "model": "flashcards.flashcardreview",
  "pk": 54,
  "fields": {
    "student": 1,
    "flashcard": 115,
    "times_seen": 1,
    "times_correct": 1,
    "streak": 1,
    "is_mastered": false,
    "last_seen_at": "2026-06-02T19:40:27.125Z",
    "last_correct_at": "2026-06-02T19:40:27.125Z"
  }
},
{
  "model": "flashcards.flashcardreview",
  "pk": 55,
  "fields": {
    "student": 1,
    "flashcard": 116,
    "times_seen": 1,
    "times_correct": 1,
    "streak": 1,
    "is_mastered": false,
    "last_seen_at": "2026-06-02T19:40:27.660Z",
    "last_correct_at": "2026-06-02T19:40:27.660Z"
  }
},
{
  "model": "flashcards.flashcardreview",
  "pk": 56,
  "fields": {
    "student": 1,
    "flashcard": 117,
    "times_seen": 1,
    "times_correct": 1,
    "streak": 1,
    "is_mastered": false,
    "last_seen_at": "2026-06-02T19:40:28.177Z",
    "last_correct_at": "2026-06-02T19:40:28.177Z"
  }
},
{
  "model": "flashcards.flashcardreview",
  "pk": 57,
  "fields": {
    "student": 1,
    "flashcard": 118,
    "times_seen": 1,
    "times_correct": 1,
    "streak": 1,
    "is_mastered": false,
    "last_seen_at": "2026-06-02T19:40:28.758Z",
    "last_correct_at": "2026-06-02T19:40:28.758Z"
  }
},
{
  "model": "flashcards.flashcardreview",
  "pk": 58,
  "fields": {
    "student": 1,
    "flashcard": 119,
    "times_seen": 1,
    "times_correct": 1,
    "streak": 1,
    "is_mastered": false,
    "last_seen_at": "2026-06-02T19:40:29.651Z",
    "last_correct_at": "2026-06-02T19:40:29.651Z"
  }
},
{
  "model": "flashcards.flashcardreview",
  "pk": 59,
  "fields": {
    "student": 1,
    "flashcard": 120,
    "times_seen": 1,
    "times_correct": 1,
    "streak": 1,
    "is_mastered": false,
    "last_seen_at": "2026-06-02T19:40:47.652Z",
    "last_correct_at": "2026-06-02T19:40:47.652Z"
  }
},
{
  "model": "flashcards.flashcardreview",
  "pk": 60,
  "fields": {
    "student": 1,
    "flashcard": 121,
    "times_seen": 1,
    "times_correct": 1,
    "streak": 1,
    "is_mastered": false,
    "last_seen_at": "2026-06-02T19:40:48.523Z",
    "last_correct_at": "2026-06-02T19:40:48.523Z"
  }
},
{
  "model": "flashcards.flashcardreview",
  "pk": 61,
  "fields": {
    "student": 1,
    "flashcard": 122,
    "times_seen": 1,
    "times_correct": 1,
    "streak": 1,
    "is_mastered": false,
    "last_seen_at": "2026-06-02T19:40:49.505Z",
    "last_correct_at": "2026-06-02T19:40:49.505Z"
  }
},
{
  "model": "flashcards.flashcardreview",
  "pk": 62,
  "fields": {
    "student": 1,
    "flashcard": 123,
    "times_seen": 1,
    "times_correct": 1,
    "streak": 1,
    "is_mastered": false,
    "last_seen_at": "2026-06-02T19:40:51.289Z",
    "last_correct_at": "2026-06-02T19:40:51.289Z"
  }
},
{
  "model": "flashcards.flashcardreview",
  "pk": 63,
  "fields": {
    "student": 1,
    "flashcard": 124,
    "times_seen": 1,
    "times_correct": 1,
    "streak": 1,
    "is_mastered": false,
    "last_seen_at": "2026-06-02T19:40:53.954Z",
    "last_correct_at": "2026-06-02T19:40:53.954Z"
  }
},
{
  "model": "flashcards.flashcardreview",
  "pk": 64,
  "fields": {
    "student": 1,
    "flashcard": 125,
    "times_seen": 1,
    "times_correct": 1,
    "streak": 1,
    "is_mastered": false,
    "last_seen_at": "2026-06-02T19:40:56.872Z",
    "last_correct_at": "2026-06-02T19:40:56.872Z"
  }
},
{
  "model": "flashcards.flashcardreview",
  "pk": 65,
  "fields": {
    "student": 1,
    "flashcard": 126,
    "times_seen": 1,
    "times_correct": 1,
    "streak": 1,
    "is_mastered": false,
    "last_seen_at": "2026-06-02T19:40:59.038Z",
    "last_correct_at": "2026-06-02T19:40:59.038Z"
  }
},
{
  "model": "flashcards.flashcardreview",
  "pk": 66,
  "fields": {
    "student": 1,
    "flashcard": 127,
    "times_seen": 1,
    "times_correct": 1,
    "streak": 1,
    "is_mastered": false,
    "last_seen_at": "2026-06-02T19:41:02.021Z",
    "last_correct_at": "2026-06-02T19:41:02.021Z"
  }
},
{
  "model": "assignments.assignment",
  "pk": 1,
  "fields": {
    "lesson": 73,
    "course": null,
    "title": "Write a paragraph about how you clean your room",
    "description": "Write 3–5 simple sentences about how you clean your room using easy words.",
    "instructions": "### 🧹 Assignment: My Clean Room\r\n\r\nWrite a short paragraph about how you clean your room.\r\n\r\n### ✍️ Instructions:\r\n- Write 3 to 5 sentences\r\n- Use simple words and sentences\r\n- Start your sentences with \"I\"\r\n- You can write in English or Arabic",
    "due_date": "2026-05-31T15:41:00Z",
    "max_score": 100,
    "allow_file_upload": true,
    "allow_text_response": true,
    "is_published": true,
    "created_by": 2,
    "created_at": "2026-05-23T19:47:07.807Z",
    "updated_at": "2026-05-23T19:47:07.807Z"
  }
},
{
  "model": "assignments.assignmentsubmission",
  "pk": 1,
  "fields": {
    "assignment": 1,
    "student": 1,
    "text_response": "English:\r\nI clean my room every day. I pick up my toys and put them in the box. I make my bed and fold my clothes. I sweep the floor and throw away trash.\r\n\r\nArabic:\r\nأنا أنظف غرفتي كل يوم. أرتب ألعابي وأضعها في الصندوق. أرتب سريري وأطوي ملابسي. أنظف الأرض وأرمي القمامة.",
    "file": "",
    "submitted_at": "2026-05-23T20:17:57.570Z",
    "status": "graded",
    "score": 80,
    "feedback": "",
    "graded_at": "2026-05-23T20:19:16.580Z",
    "graded_by": 2
  }
},
{
  "model": "games.vocabword",
  "pk": 1,
  "fields": {
    "arabic": "كِتَاب",
    "english": "Book",
    "emoji": "📚",
    "phonetic": "kitāb",
    "letters": [
      "ك",
      "ت",
      "ا",
      "ب"
    ],
    "context_forms": [
      "كـ",
      "ـتـ",
      "ـا",
      "ب"
    ],
    "missing_index": 1,
    "wrong_choices": [
      "ن",
      "م"
    ],
    "level": 1,
    "course": null,
    "is_active": true,
    "created_by": null,
    "created_at": "2026-05-25T23:30:25.894Z",
    "updated_at": "2026-05-25T23:30:25.894Z"
  }
},
{
  "model": "games.vocabword",
  "pk": 2,
  "fields": {
    "arabic": "بَيْت",
    "english": "House",
    "emoji": "🏠",
    "phonetic": "bayt",
    "letters": [
      "ب",
      "ي",
      "ت"
    ],
    "context_forms": [
      "بـ",
      "ـيـ",
      "ت"
    ],
    "missing_index": 1,
    "wrong_choices": [
      "ا",
      "و"
    ],
    "level": 1,
    "course": null,
    "is_active": true,
    "created_by": null,
    "created_at": "2026-05-25T23:30:25.924Z",
    "updated_at": "2026-05-25T23:30:25.924Z"
  }
},
{
  "model": "games.vocabword",
  "pk": 3,
  "fields": {
    "arabic": "مَاء",
    "english": "Water",
    "emoji": "💧",
    "phonetic": "māʾ",
    "letters": [
      "م",
      "ا",
      "ء"
    ],
    "context_forms": [
      "مـ",
      "ـا",
      "ء"
    ],
    "missing_index": 0,
    "wrong_choices": [
      "ب",
      "ت"
    ],
    "level": 1,
    "course": null,
    "is_active": true,
    "created_by": null,
    "created_at": "2026-05-25T23:30:25.927Z",
    "updated_at": "2026-05-25T23:30:25.927Z"
  }
},
{
  "model": "games.vocabword",
  "pk": 4,
  "fields": {
    "arabic": "شَمْس",
    "english": "Sun",
    "emoji": "☀️",
    "phonetic": "shams",
    "letters": [
      "ش",
      "م",
      "س"
    ],
    "context_forms": [
      "شـ",
      "ـمـ",
      "ـس"
    ],
    "missing_index": 2,
    "wrong_choices": [
      "ن",
      "ر"
    ],
    "level": 1,
    "course": null,
    "is_active": true,
    "created_by": null,
    "created_at": "2026-05-25T23:30:25.929Z",
    "updated_at": "2026-05-25T23:30:25.929Z"
  }
},
{
  "model": "games.vocabword",
  "pk": 5,
  "fields": {
    "arabic": "قَمَر",
    "english": "Moon",
    "emoji": "🌙",
    "phonetic": "qamar",
    "letters": [
      "ق",
      "م",
      "ر"
    ],
    "context_forms": [
      "قـ",
      "ـمـ",
      "ـر"
    ],
    "missing_index": 1,
    "wrong_choices": [
      "ب",
      "ك"
    ],
    "level": 1,
    "course": null,
    "is_active": true,
    "created_by": null,
    "created_at": "2026-05-25T23:30:25.931Z",
    "updated_at": "2026-05-25T23:30:25.931Z"
  }
},
{
  "model": "games.vocabword",
  "pk": 6,
  "fields": {
    "arabic": "كَلْب",
    "english": "Dog",
    "emoji": "🐕",
    "phonetic": "kalb",
    "letters": [
      "ك",
      "ل",
      "ب"
    ],
    "context_forms": [
      "كـ",
      "ـلـ",
      "ـب"
    ],
    "missing_index": 1,
    "wrong_choices": [
      "ن",
      "م"
    ],
    "level": 1,
    "course": null,
    "is_active": true,
    "created_by": null,
    "created_at": "2026-05-25T23:30:25.932Z",
    "updated_at": "2026-05-25T23:30:25.933Z"
  }
},
{
  "model": "games.vocabword",
  "pk": 7,
  "fields": {
    "arabic": "قِطَّة",
    "english": "Cat",
    "emoji": "🐈",
    "phonetic": "qiṭṭa",
    "letters": [
      "ق",
      "ط",
      "ة"
    ],
    "context_forms": [
      "قـ",
      "ـطـ",
      "ـة"
    ],
    "missing_index": 0,
    "wrong_choices": [
      "ك",
      "ب"
    ],
    "level": 1,
    "course": null,
    "is_active": true,
    "created_by": null,
    "created_at": "2026-05-25T23:30:25.934Z",
    "updated_at": "2026-05-25T23:30:25.934Z"
  }
},
{
  "model": "games.vocabword",
  "pk": 8,
  "fields": {
    "arabic": "تُفَّاحَة",
    "english": "Apple",
    "emoji": "🍎",
    "phonetic": "tuffāḥa",
    "letters": [
      "ت",
      "ف",
      "ا",
      "ح",
      "ة"
    ],
    "context_forms": [
      "تـ",
      "ـفـ",
      "ـا",
      "ـحـ",
      "ـة"
    ],
    "missing_index": 1,
    "wrong_choices": [
      "ك",
      "ب"
    ],
    "level": 1,
    "course": null,
    "is_active": true,
    "created_by": null,
    "created_at": "2026-05-25T23:30:25.937Z",
    "updated_at": "2026-05-25T23:30:25.937Z"
  }
},
{
  "model": "games.vocabword",
  "pk": 9,
  "fields": {
    "arabic": "مَدْرَسَة",
    "english": "School",
    "emoji": "🏫",
    "phonetic": "madrasa",
    "letters": [
      "م",
      "د",
      "ر",
      "س",
      "ة"
    ],
    "context_forms": [
      "مـ",
      "ـد",
      "ر",
      "ـسـ",
      "ـة"
    ],
    "missing_index": 2,
    "wrong_choices": [
      "ب",
      "ن"
    ],
    "level": 1,
    "course": null,
    "is_active": true,
    "created_by": null,
    "created_at": "2026-05-25T23:30:25.939Z",
    "updated_at": "2026-05-25T23:30:25.939Z"
  }
},
{
  "model": "games.vocabword",
  "pk": 10,
  "fields": {
    "arabic": "سَيَّارَة",
    "english": "Car",
    "emoji": "🚗",
    "phonetic": "sayyāra",
    "letters": [
      "س",
      "ي",
      "ا",
      "ر",
      "ة"
    ],
    "context_forms": [
      "سـ",
      "ـيـ",
      "ـا",
      "ـرـ",
      "ـة"
    ],
    "missing_index": 3,
    "wrong_choices": [
      "ب",
      "ك"
    ],
    "level": 1,
    "course": null,
    "is_active": true,
    "created_by": null,
    "created_at": "2026-05-25T23:30:25.941Z",
    "updated_at": "2026-05-25T23:30:25.941Z"
  }
},
{
  "model": "games.vocabword",
  "pk": 11,
  "fields": {
    "arabic": "طَائِرَة",
    "english": "Airplane",
    "emoji": "✈️",
    "phonetic": "ṭāʾira",
    "letters": [
      "ط",
      "ا",
      "ئ",
      "ر",
      "ة"
    ],
    "context_forms": [
      "طـ",
      "ـا",
      "ـئـ",
      "ـرـ",
      "ـة"
    ],
    "missing_index": 0,
    "wrong_choices": [
      "ب",
      "ك"
    ],
    "level": 1,
    "course": null,
    "is_active": true,
    "created_by": null,
    "created_at": "2026-05-25T23:30:25.943Z",
    "updated_at": "2026-05-25T23:30:25.943Z"
  }
},
{
  "model": "games.vocabword",
  "pk": 12,
  "fields": {
    "arabic": "وَلَد",
    "english": "Boy",
    "emoji": "👦",
    "phonetic": "walad",
    "letters": [
      "و",
      "ل",
      "د"
    ],
    "context_forms": [
      "و",
      "ـلـ",
      "ـد"
    ],
    "missing_index": 1,
    "wrong_choices": [
      "ب",
      "ن"
    ],
    "level": 1,
    "course": null,
    "is_active": true,
    "created_by": null,
    "created_at": "2026-05-25T23:30:25.945Z",
    "updated_at": "2026-05-25T23:30:25.945Z"
  }
},
{
  "model": "games.vocabword",
  "pk": 13,
  "fields": {
    "arabic": "بِنْت",
    "english": "Girl",
    "emoji": "👧",
    "phonetic": "bint",
    "letters": [
      "ب",
      "ن",
      "ت"
    ],
    "context_forms": [
      "بـ",
      "ـنـ",
      "ـت"
    ],
    "missing_index": 1,
    "wrong_choices": [
      "ل",
      "م"
    ],
    "level": 1,
    "course": null,
    "is_active": true,
    "created_by": null,
    "created_at": "2026-05-25T23:30:25.946Z",
    "updated_at": "2026-05-25T23:30:25.946Z"
  }
},
{
  "model": "games.vocabword",
  "pk": 14,
  "fields": {
    "arabic": "أُسْتَاذ",
    "english": "Teacher",
    "emoji": "👨‍🏫",
    "phonetic": "ustādh",
    "letters": [
      "أ",
      "س",
      "ت",
      "ا",
      "ذ"
    ],
    "context_forms": [
      "أـ",
      "ـسـ",
      "ـتـ",
      "ـا",
      "ذ"
    ],
    "missing_index": 1,
    "wrong_choices": [
      "ب",
      "ن"
    ],
    "level": 1,
    "course": null,
    "is_active": true,
    "created_by": null,
    "created_at": "2026-05-25T23:30:25.967Z",
    "updated_at": "2026-05-25T23:30:25.967Z"
  }
},
{
  "model": "games.vocabword",
  "pk": 15,
  "fields": {
    "arabic": "قَلَم",
    "english": "Pen",
    "emoji": "🖊️",
    "phonetic": "qalam",
    "letters": [
      "ق",
      "ل",
      "م"
    ],
    "context_forms": [
      "قـ",
      "ـلـ",
      "ـم"
    ],
    "missing_index": 2,
    "wrong_choices": [
      "ب",
      "ن"
    ],
    "level": 1,
    "course": null,
    "is_active": true,
    "created_by": null,
    "created_at": "2026-05-25T23:30:25.970Z",
    "updated_at": "2026-05-25T23:30:25.970Z"
  }
},
{
  "model": "games.vocabword",
  "pk": 16,
  "fields": {
    "arabic": "بَاب",
    "english": "Door",
    "emoji": "🚪",
    "phonetic": "bāb",
    "letters": [
      "ب",
      "ا",
      "ب"
    ],
    "context_forms": [
      "بـ",
      "ـا",
      "ب"
    ],
    "missing_index": 0,
    "wrong_choices": [
      "ك",
      "ت"
    ],
    "level": 1,
    "course": null,
    "is_active": true,
    "created_by": null,
    "created_at": "2026-05-25T23:30:25.972Z",
    "updated_at": "2026-05-25T23:30:25.972Z"
  }
},
{
  "model": "games.vocabword",
  "pk": 17,
  "fields": {
    "arabic": "شَجَرَة",
    "english": "Tree",
    "emoji": "🌳",
    "phonetic": "shajara",
    "letters": [],
    "context_forms": [],
    "missing_index": null,
    "wrong_choices": [],
    "level": 1,
    "course": null,
    "is_active": true,
    "created_by": null,
    "created_at": "2026-05-25T23:30:25.974Z",
    "updated_at": "2026-05-25T23:30:25.974Z"
  }
},
{
  "model": "games.vocabword",
  "pk": 18,
  "fields": {
    "arabic": "وَرْدَة",
    "english": "Rose",
    "emoji": "🌹",
    "phonetic": "warda",
    "letters": [],
    "context_forms": [],
    "missing_index": null,
    "wrong_choices": [],
    "level": 1,
    "course": null,
    "is_active": true,
    "created_by": null,
    "created_at": "2026-05-25T23:30:25.976Z",
    "updated_at": "2026-05-25T23:30:25.976Z"
  }
},
{
  "model": "games.vocabword",
  "pk": 19,
  "fields": {
    "arabic": "سَمَكَة",
    "english": "Fish",
    "emoji": "🐟",
    "phonetic": "samaka",
    "letters": [],
    "context_forms": [],
    "missing_index": null,
    "wrong_choices": [],
    "level": 1,
    "course": null,
    "is_active": true,
    "created_by": null,
    "created_at": "2026-05-25T23:30:25.979Z",
    "updated_at": "2026-05-25T23:30:25.979Z"
  }
},
{
  "model": "games.vocabword",
  "pk": 20,
  "fields": {
    "arabic": "طَاوِلَة",
    "english": "Table",
    "emoji": "🪑",
    "phonetic": "ṭāwila",
    "letters": [],
    "context_forms": [],
    "missing_index": null,
    "wrong_choices": [],
    "level": 1,
    "course": null,
    "is_active": true,
    "created_by": null,
    "created_at": "2026-05-25T23:30:25.981Z",
    "updated_at": "2026-05-25T23:30:25.981Z"
  }
},
{
  "model": "games.vocabword",
  "pk": 21,
  "fields": {
    "arabic": "نَافِذَة",
    "english": "Window",
    "emoji": "🪟",
    "phonetic": "nāfidha",
    "letters": [],
    "context_forms": [],
    "missing_index": null,
    "wrong_choices": [],
    "level": 1,
    "course": null,
    "is_active": true,
    "created_by": null,
    "created_at": "2026-05-25T23:30:25.983Z",
    "updated_at": "2026-05-25T23:30:25.983Z"
  }
},
{
  "model": "games.vocabword",
  "pk": 22,
  "fields": {
    "arabic": "مِفْتَاح",
    "english": "Key",
    "emoji": "🔑",
    "phonetic": "miftāḥ",
    "letters": [],
    "context_forms": [],
    "missing_index": null,
    "wrong_choices": [],
    "level": 1,
    "course": null,
    "is_active": true,
    "created_by": null,
    "created_at": "2026-05-25T23:30:25.985Z",
    "updated_at": "2026-05-25T23:30:25.985Z"
  }
},
{
  "model": "games.vocabword",
  "pk": 23,
  "fields": {
    "arabic": "حَقِيبَة",
    "english": "Bag",
    "emoji": "🎒",
    "phonetic": "ḥaqība",
    "letters": [],
    "context_forms": [],
    "missing_index": null,
    "wrong_choices": [],
    "level": 1,
    "course": null,
    "is_active": true,
    "created_by": null,
    "created_at": "2026-05-25T23:30:25.987Z",
    "updated_at": "2026-05-25T23:30:25.987Z"
  }
},
{
  "model": "games.vocabword",
  "pk": 24,
  "fields": {
    "arabic": "هَاتِف",
    "english": "Phone",
    "emoji": "📱",
    "phonetic": "hātif",
    "letters": [],
    "context_forms": [],
    "missing_index": null,
    "wrong_choices": [],
    "level": 1,
    "course": null,
    "is_active": true,
    "created_by": null,
    "created_at": "2026-05-25T23:30:25.989Z",
    "updated_at": "2026-05-25T23:30:25.989Z"
  }
},
{
  "model": "games.gamequestion",
  "pk": 1,
  "fields": {
    "game_type": "sentence_builder",
    "arabic_sentence": "أنا أذهب إلى المدرسة",
    "english_sentence": "I go to school",
    "emoji": "",
    "word_tokens": [
      "أنا",
      "أذهب",
      "إلى",
      "المدرسة"
    ],
    "is_true": null,
    "level": 1,
    "course": null,
    "is_active": true,
    "created_by": null,
    "created_at": "2026-05-25T23:30:25.991Z"
  }
},
{
  "model": "games.gamequestion",
  "pk": 2,
  "fields": {
    "game_type": "sentence_builder",
    "arabic_sentence": "هذا كتاب جديد",
    "english_sentence": "This is a new book",
    "emoji": "",
    "word_tokens": [
      "هذا",
      "كتاب",
      "جديد"
    ],
    "is_true": null,
    "level": 1,
    "course": null,
    "is_active": true,
    "created_by": null,
    "created_at": "2026-05-25T23:30:25.993Z"
  }
},
{
  "model": "games.gamequestion",
  "pk": 3,
  "fields": {
    "game_type": "sentence_builder",
    "arabic_sentence": "البيت كبير وجميل",
    "english_sentence": "The house is big and beautiful",
    "emoji": "",
    "word_tokens": [
      "البيت",
      "كبير",
      "وجميل"
    ],
    "is_true": null,
    "level": 1,
    "course": null,
    "is_active": true,
    "created_by": null,
    "created_at": "2026-05-25T23:30:25.995Z"
  }
},
{
  "model": "games.gamequestion",
  "pk": 4,
  "fields": {
    "game_type": "sentence_builder",
    "arabic_sentence": "أنا أحب القراءة",
    "english_sentence": "I love reading",
    "emoji": "",
    "word_tokens": [
      "أنا",
      "أحب",
      "القراءة"
    ],
    "is_true": null,
    "level": 1,
    "course": null,
    "is_active": true,
    "created_by": null,
    "created_at": "2026-05-25T23:30:25.997Z"
  }
},
{
  "model": "games.gamequestion",
  "pk": 5,
  "fields": {
    "game_type": "sentence_builder",
    "arabic_sentence": "الشمس تشرق في الصباح",
    "english_sentence": "The sun rises in the morning",
    "emoji": "",
    "word_tokens": [
      "الشمس",
      "تشرق",
      "في",
      "الصباح"
    ],
    "is_true": null,
    "level": 1,
    "course": null,
    "is_active": true,
    "created_by": null,
    "created_at": "2026-05-25T23:30:26.017Z"
  }
},
{
  "model": "games.gamequestion",
  "pk": 6,
  "fields": {
    "game_type": "sentence_builder",
    "arabic_sentence": "الماء بارد ولذيذ",
    "english_sentence": "The water is cold and delicious",
    "emoji": "",
    "word_tokens": [
      "الماء",
      "بارد",
      "ولذيذ"
    ],
    "is_true": null,
    "level": 1,
    "course": null,
    "is_active": true,
    "created_by": null,
    "created_at": "2026-05-25T23:30:26.020Z"
  }
},
{
  "model": "games.gamequestion",
  "pk": 7,
  "fields": {
    "game_type": "sentence_builder",
    "arabic_sentence": "الولد يلعب في الحديقة",
    "english_sentence": "The boy plays in the garden",
    "emoji": "",
    "word_tokens": [
      "الولد",
      "يلعب",
      "في",
      "الحديقة"
    ],
    "is_true": null,
    "level": 1,
    "course": null,
    "is_active": true,
    "created_by": null,
    "created_at": "2026-05-25T23:30:26.022Z"
  }
},
{
  "model": "games.gamequestion",
  "pk": 8,
  "fields": {
    "game_type": "sentence_builder",
    "arabic_sentence": "القطة تنام على الأريكة",
    "english_sentence": "The cat sleeps on the sofa",
    "emoji": "",
    "word_tokens": [
      "القطة",
      "تنام",
      "على",
      "الأريكة"
    ],
    "is_true": null,
    "level": 1,
    "course": null,
    "is_active": true,
    "created_by": null,
    "created_at": "2026-05-25T23:30:26.025Z"
  }
},
{
  "model": "games.gamequestion",
  "pk": 9,
  "fields": {
    "game_type": "sentence_builder",
    "arabic_sentence": "أنا أشرب الماء",
    "english_sentence": "I drink water",
    "emoji": "",
    "word_tokens": [
      "أنا",
      "أشرب",
      "الماء"
    ],
    "is_true": null,
    "level": 1,
    "course": null,
    "is_active": true,
    "created_by": null,
    "created_at": "2026-05-25T23:30:26.027Z"
  }
},
{
  "model": "games.gamequestion",
  "pk": 10,
  "fields": {
    "game_type": "sentence_builder",
    "arabic_sentence": "المدرسة قريبة من البيت",
    "english_sentence": "The school is near the house",
    "emoji": "",
    "word_tokens": [
      "المدرسة",
      "قريبة",
      "من",
      "البيت"
    ],
    "is_true": null,
    "level": 1,
    "course": null,
    "is_active": true,
    "created_by": null,
    "created_at": "2026-05-25T23:30:26.029Z"
  }
},
{
  "model": "games.gamequestion",
  "pk": 11,
  "fields": {
    "game_type": "sentence_builder",
    "arabic_sentence": "الطفل يأكل التفاح",
    "english_sentence": "The child eats the apple",
    "emoji": "",
    "word_tokens": [
      "الطفل",
      "يأكل",
      "التفاح"
    ],
    "is_true": null,
    "level": 1,
    "course": null,
    "is_active": true,
    "created_by": null,
    "created_at": "2026-05-25T23:30:26.031Z"
  }
},
{
  "model": "games.gamequestion",
  "pk": 12,
  "fields": {
    "game_type": "sentence_builder",
    "arabic_sentence": "أنا أكتب بالقلم",
    "english_sentence": "I write with the pen",
    "emoji": "",
    "word_tokens": [
      "أنا",
      "أكتب",
      "بالقلم"
    ],
    "is_true": null,
    "level": 1,
    "course": null,
    "is_active": true,
    "created_by": null,
    "created_at": "2026-05-25T23:30:26.033Z"
  }
},
{
  "model": "games.gamequestion",
  "pk": 13,
  "fields": {
    "game_type": "true_or_false",
    "arabic_sentence": "الكتاب أداة للقراءة",
    "english_sentence": "A book is a reading tool",
    "emoji": "📚",
    "word_tokens": [],
    "is_true": true,
    "level": 1,
    "course": null,
    "is_active": true,
    "created_by": null,
    "created_at": "2026-05-25T23:30:26.035Z"
  }
},
{
  "model": "games.gamequestion",
  "pk": 14,
  "fields": {
    "game_type": "true_or_false",
    "arabic_sentence": "الكلب يطير في السماء",
    "english_sentence": "The dog flies in the sky",
    "emoji": "🐕",
    "word_tokens": [],
    "is_true": false,
    "level": 1,
    "course": null,
    "is_active": true,
    "created_by": null,
    "created_at": "2026-05-25T23:30:26.037Z"
  }
},
{
  "model": "games.gamequestion",
  "pk": 15,
  "fields": {
    "game_type": "true_or_false",
    "arabic_sentence": "الشمس تضيء النهار",
    "english_sentence": "The sun lights the day",
    "emoji": "☀️",
    "word_tokens": [],
    "is_true": true,
    "level": 1,
    "course": null,
    "is_active": true,
    "created_by": null,
    "created_at": "2026-05-25T23:30:26.039Z"
  }
},
{
  "model": "games.gamequestion",
  "pk": 16,
  "fields": {
    "game_type": "true_or_false",
    "arabic_sentence": "الماء يأكل الطعام",
    "english_sentence": "Water eats food",
    "emoji": "💧",
    "word_tokens": [],
    "is_true": false,
    "level": 1,
    "course": null,
    "is_active": true,
    "created_by": null,
    "created_at": "2026-05-25T23:30:26.041Z"
  }
},
{
  "model": "games.gamequestion",
  "pk": 17,
  "fields": {
    "game_type": "true_or_false",
    "arabic_sentence": "البيت مكان للسكن",
    "english_sentence": "A house is a place to live",
    "emoji": "🏠",
    "word_tokens": [],
    "is_true": true,
    "level": 1,
    "course": null,
    "is_active": true,
    "created_by": null,
    "created_at": "2026-05-25T23:30:26.042Z"
  }
},
{
  "model": "games.gamequestion",
  "pk": 18,
  "fields": {
    "game_type": "true_or_false",
    "arabic_sentence": "القمر يظهر في الليل",
    "english_sentence": "The moon appears at night",
    "emoji": "🌙",
    "word_tokens": [],
    "is_true": true,
    "level": 1,
    "course": null,
    "is_active": true,
    "created_by": null,
    "created_at": "2026-05-25T23:30:26.045Z"
  }
},
{
  "model": "games.gamequestion",
  "pk": 19,
  "fields": {
    "game_type": "true_or_false",
    "arabic_sentence": "الطائرة تسبح في البحر",
    "english_sentence": "The airplane swims in the sea",
    "emoji": "✈️",
    "word_tokens": [],
    "is_true": false,
    "level": 1,
    "course": null,
    "is_active": true,
    "created_by": null,
    "created_at": "2026-05-25T23:30:26.047Z"
  }
},
{
  "model": "games.gamequestion",
  "pk": 20,
  "fields": {
    "game_type": "true_or_false",
    "arabic_sentence": "الأستاذ يعلّم الطلاب",
    "english_sentence": "The teacher teaches students",
    "emoji": "👨‍🏫",
    "word_tokens": [],
    "is_true": true,
    "level": 1,
    "course": null,
    "is_active": true,
    "created_by": null,
    "created_at": "2026-05-25T23:30:26.068Z"
  }
},
{
  "model": "games.gamequestion",
  "pk": 21,
  "fields": {
    "game_type": "true_or_false",
    "arabic_sentence": "القلم يُستخدم للكتابة",
    "english_sentence": "A pen is used for writing",
    "emoji": "🖊️",
    "word_tokens": [],
    "is_true": true,
    "level": 1,
    "course": null,
    "is_active": true,
    "created_by": null,
    "created_at": "2026-05-25T23:30:26.070Z"
  }
},
{
  "model": "games.gamequestion",
  "pk": 22,
  "fields": {
    "game_type": "true_or_false",
    "arabic_sentence": "القطة تنبح مثل الكلب",
    "english_sentence": "The cat barks like a dog",
    "emoji": "🐈",
    "word_tokens": [],
    "is_true": false,
    "level": 1,
    "course": null,
    "is_active": true,
    "created_by": null,
    "created_at": "2026-05-25T23:30:26.073Z"
  }
},
{
  "model": "games.gamequestion",
  "pk": 23,
  "fields": {
    "game_type": "true_or_false",
    "arabic_sentence": "السيارة تسير على الطريق",
    "english_sentence": "The car drives on the road",
    "emoji": "🚗",
    "word_tokens": [],
    "is_true": true,
    "level": 1,
    "course": null,
    "is_active": true,
    "created_by": null,
    "created_at": "2026-05-25T23:30:26.075Z"
  }
},
{
  "model": "games.gamequestion",
  "pk": 24,
  "fields": {
    "game_type": "true_or_false",
    "arabic_sentence": "التفاحة نوع من الخضروات",
    "english_sentence": "An apple is a type of vegetable",
    "emoji": "🍎",
    "word_tokens": [],
    "is_true": false,
    "level": 1,
    "course": null,
    "is_active": true,
    "created_by": null,
    "created_at": "2026-05-25T23:30:26.077Z"
  }
},
{
  "model": "agenda.agendaitem",
  "pk": 1,
  "fields": {
    "course": 11,
    "title": "lesson 1",
    "description": "",
    "kind": "lesson",
    "date": "2026-05-24",
    "due_time": "14:00:00",
    "is_done_default": false,
    "linked_assignment": null,
    "linked_lesson": null,
    "created_by": 2,
    "created_at": "2026-05-23T20:30:45.359Z",
    "updated_at": "2026-05-23T20:30:45.359Z"
  }
},
{
  "model": "agenda.agendaitem",
  "pk": 2,
  "fields": {
    "course": 7,
    "title": "quiz",
    "description": "",
    "kind": "quiz",
    "date": "2026-05-29",
    "due_time": null,
    "is_done_default": false,
    "linked_assignment": null,
    "linked_lesson": null,
    "created_by": 2,
    "created_at": "2026-05-23T20:32:00.912Z",
    "updated_at": "2026-05-23T20:32:00.912Z"
  }
},
{
  "model": "notifications.notification",
  "pk": 1,
  "fields": {
    "recipient": 3,
    "kind": "course_done",
    "message": "🎉 You completed \"Arabic for Kids — My First Steps\"! Your certificate is ready.",
    "link": "/certificates/70B75NLQ5379L3D8W8KJVZQH5CJYLAHU/",
    "is_read": true,
    "created_at": "2026-06-02T19:38:38.011Z"
  }
},
{
  "model": "notifications.notification",
  "pk": 2,
  "fields": {
    "recipient": 3,
    "kind": "course_done",
    "message": "🎉 You completed \"First 100 Arabic Words\"! Your certificate is ready.",
    "link": "/certificates/91DCNHFY74OJECGT8QE8W1Z46RE67ASZ/",
    "is_read": true,
    "created_at": "2026-06-02T19:51:00.719Z"
  }
}
]
